Algo,TailleMat,RunId,TempsAlloc,TempsCalc
GPU3,10,1,0.036567,0.002713
GPU3,10,2,0.027223,0.002586
GPU3,10,3,0.024773,0.002570
GPU3,10,4,0.040468,0.002842
GPU3,10,5,0.040085,0.003089
GPU3,10,6,0.040282,0.003004
GPU3,10,7,0.042574,0.003011
GPU3,10,8,0.031576,0.003000
GPU3,10,9,0.028304,0.004081
GPU3,10,10,0.035057,0.004158
GPU3,10,11,0.028647,0.003231
GPU3,10,12,0.025905,0.002502
GPU3,10,13,0.023175,0.002782
GPU3,10,14,0.023172,0.002454
GPU3,10,15,0.030779,0.002774
GPU3,10,16,0.023928,0.002468
GPU3,10,17,0.022854,0.002452
GPU3,10,18,0.023047,0.002442
GPU3,10,19,0.022904,0.002555
GPU3,10,20,0.035040,0.003837
GPU3,10,21,0.028140,0.002950
GPU3,10,22,0.040266,0.003243
GPU3,10,23,0.035361,0.003314
GPU3,10,24,0.040689,0.003473
GPU3,10,25,0.027839,0.003152
GPU3,10,26,0.023146,0.002454
GPU3,10,27,0.023382,0.002450
GPU3,10,28,0.023330,0.002459
GPU3,10,29,0.023001,0.002438
GPU3,10,30,0.026261,0.002597
GPU3,10,31,0.025894,0.002538
GPU3,10,32,0.023653,0.002608
GPU3,20,1,0.023150,0.005195
GPU3,20,2,0.028528,0.005064
GPU3,20,3,0.034061,0.005771
GPU3,20,4,0.028422,0.005280
GPU3,20,5,0.025122,0.004545
GPU3,20,6,0.023360,0.004459
GPU3,20,7,0.031827,0.005382
GPU3,20,8,0.033823,0.005911
GPU3,20,9,0.027160,0.004960
GPU3,20,10,0.024528,0.005960
GPU3,20,11,0.033430,0.005567
GPU3,20,12,0.028214,0.005856
GPU3,20,13,0.040708,0.006555
GPU3,20,14,0.030180,0.005523
GPU3,20,15,0.040929,0.008473
GPU3,20,16,0.026450,0.004942
GPU3,20,17,0.040610,0.005801
GPU3,20,18,0.044115,0.007017
GPU3,20,19,0.029853,0.005432
GPU3,20,20,0.042719,0.006657
GPU3,20,21,0.031024,0.005760
GPU3,20,22,0.042304,0.006292
GPU3,20,23,0.039932,0.006577
GPU3,20,24,0.043909,0.007023
GPU3,20,25,0.027673,0.005237
GPU3,20,26,0.024720,0.004860
GPU3,20,27,0.023605,0.004618
GPU3,20,28,0.035047,0.005561
GPU3,20,29,0.023021,0.005951
GPU3,20,30,0.025236,0.004574
GPU3,20,31,0.023397,0.004479
GPU3,20,32,0.029399,0.005350
GPU3,30,1,0.041867,0.013967
GPU3,30,2,0.028262,0.011131
GPU3,30,3,0.025492,0.010894
GPU3,30,4,0.023653,0.009535
GPU3,30,5,0.023073,0.009342
GPU3,30,6,0.023154,0.009263
GPU3,30,7,0.036269,0.015250
GPU3,30,8,0.030349,0.010901
GPU3,30,9,0.033275,0.012615
GPU3,30,10,0.026283,0.010129
GPU3,30,11,0.023726,0.009497
GPU3,30,12,0.023304,0.009462
GPU3,30,13,0.023026,0.009441
GPU3,30,14,0.033367,0.012655
GPU3,30,15,0.026649,0.010650
GPU3,30,16,0.042845,0.013707
GPU3,30,17,0.038824,0.012578
GPU3,30,18,0.043468,0.014327
GPU3,30,19,0.030994,0.012620
GPU3,30,20,0.030006,0.011445
GPU3,30,21,0.039143,0.013360
GPU3,30,22,0.028630,0.011266
GPU3,30,23,0.025362,0.011781
GPU3,30,24,0.024238,0.009407
GPU3,30,25,0.023065,0.009517
GPU3,30,26,0.024622,0.009520
GPU3,30,27,0.031161,0.011045
GPU3,30,28,0.025950,0.010836
GPU3,30,29,0.038420,0.014694
GPU3,30,30,0.025474,0.009875
GPU3,30,31,0.023463,0.010086
GPU3,30,32,0.023057,0.010302
GPU3,40,1,0.025981,0.014669
GPU3,40,2,0.029817,0.017134
GPU3,40,3,0.025775,0.015657
GPU3,40,4,0.023091,0.015498
GPU3,40,5,0.036566,0.020680
GPU3,40,6,0.028013,0.018865
GPU3,40,7,0.023131,0.014978
GPU3,40,8,0.037534,0.020233
GPU3,40,9,0.041919,0.020711
GPU3,40,10,0.026363,0.015949
GPU3,40,11,0.023317,0.015285
GPU3,40,12,0.023170,0.016157
GPU3,40,13,0.023235,0.014329
GPU3,40,14,0.023126,0.015986
GPU3,40,15,0.043128,0.021031
GPU3,40,16,0.028541,0.017074
GPU3,40,17,0.037271,0.020743
GPU3,40,18,0.039172,0.020231
GPU3,40,19,0.028334,0.016464
GPU3,40,20,0.024740,0.016642
GPU3,40,21,0.023176,0.014732
GPU3,40,22,0.028994,0.014850
GPU3,40,23,0.033537,0.021025
GPU3,40,24,0.035053,0.020781
GPU3,40,25,0.042821,0.021307
GPU3,40,26,0.028273,0.016420
GPU3,40,27,0.023047,0.015137
GPU3,40,28,0.023206,0.014371
GPU3,40,29,0.022939,0.014520
GPU3,40,30,0.032287,0.017963
GPU3,40,31,0.036382,0.019608
GPU3,40,32,0.028248,0.022340
GPU3,50,1,0.026816,0.032360
GPU3,50,2,0.022873,0.020974
GPU3,50,3,0.023291,0.020880
GPU3,50,4,0.023037,0.021208
GPU3,50,5,0.023060,0.021150
GPU3,50,6,0.022973,0.022355
GPU3,50,7,0.023080,0.021360
GPU3,50,8,0.023059,0.021779
GPU3,50,9,0.023362,0.022154
GPU3,50,10,0.023073,0.020818
GPU3,50,11,0.023137,0.020555
GPU3,50,12,0.022914,0.020252
GPU3,50,13,0.042313,0.030834
GPU3,50,14,0.041898,0.029206
GPU3,50,15,0.043804,0.030076
GPU3,50,16,0.042067,0.033070
GPU3,50,17,0.027854,0.024736
GPU3,50,18,0.023818,0.022142
GPU3,50,19,0.023623,0.021445
GPU3,50,20,0.023385,0.020934
GPU3,50,21,0.033727,0.029221
GPU3,50,22,0.036164,0.028336
GPU3,50,23,0.026750,0.022680
GPU3,50,24,0.040680,0.031479
GPU3,50,25,0.042491,0.030874
GPU3,50,26,0.030955,0.024988
GPU3,50,27,0.026501,0.023527
GPU3,50,28,0.042040,0.028698
GPU3,50,29,0.028243,0.023689
GPU3,50,30,0.037448,0.028207
GPU3,50,31,0.042470,0.029383
GPU3,50,32,0.043261,0.029579
GPU3,60,1,0.030552,0.033047
GPU3,60,2,0.023177,0.028917
GPU3,60,3,0.031031,0.032313
GPU3,60,4,0.041690,0.037694
GPU3,60,5,0.023542,0.030550
GPU3,60,6,0.023375,0.029600
GPU3,60,7,0.036897,0.038193
GPU3,60,8,0.023165,0.028592
GPU3,60,9,0.034423,0.034239
GPU3,60,10,0.040471,0.038338
GPU3,60,11,0.034674,0.036304
GPU3,60,12,0.042708,0.040146
GPU3,60,13,0.024781,0.028926
GPU3,60,14,0.037755,0.038521
GPU3,60,15,0.028921,0.035271
GPU3,60,16,0.024288,0.030079
GPU3,60,17,0.040504,0.037694
GPU3,60,18,0.027859,0.032455
GPU3,60,19,0.023315,0.028740
GPU3,60,20,0.043180,0.042057
GPU3,60,21,0.023562,0.027988
GPU3,60,22,0.023174,0.028336
GPU3,60,23,0.027787,0.030471
GPU3,60,24,0.035986,0.036900
GPU3,60,25,0.027104,0.031464
GPU3,60,26,0.028774,0.032575
GPU3,60,27,0.035772,0.036974
GPU3,60,28,0.042181,0.037090
GPU3,60,29,0.042987,0.037599
GPU3,60,30,0.023607,0.028299
GPU3,60,31,0.024611,0.028554
GPU3,60,32,0.023215,0.028878
GPU3,70,1,0.030323,0.039076
GPU3,70,2,0.032150,0.046596
GPU3,70,3,0.023303,0.037755
GPU3,70,4,0.023159,0.037615
GPU3,70,5,0.023014,0.037093
GPU3,70,6,0.024495,0.038068
GPU3,70,7,0.023025,0.038245
GPU3,70,8,0.029908,0.037426
GPU3,70,9,0.023216,0.039039
GPU3,70,10,0.031950,0.048092
GPU3,70,11,0.037227,0.050117
GPU3,70,12,0.041369,0.049085
GPU3,70,13,0.023045,0.036372
GPU3,70,14,0.023007,0.037505
GPU3,70,15,0.027015,0.056271
GPU3,70,16,0.023169,0.039952
GPU3,70,17,0.023161,0.037258
GPU3,70,18,0.023143,0.036873
GPU3,70,19,0.023075,0.036486
GPU3,70,20,0.029942,0.041388
GPU3,70,21,0.037056,0.048801
GPU3,70,22,0.031908,0.043999
GPU3,70,23,0.023376,0.037351
GPU3,70,24,0.023592,0.037750
GPU3,70,25,0.035690,0.047233
GPU3,70,26,0.025391,0.037406
GPU3,70,27,0.023174,0.037074
GPU3,70,28,0.029033,0.042626
GPU3,70,29,0.023549,0.037239
GPU3,70,30,0.030135,0.043970
GPU3,70,31,0.025370,0.036923
GPU3,70,32,0.029087,0.041382
GPU3,80,1,0.024360,0.048206
GPU3,80,2,0.027446,0.048353
GPU3,80,3,0.034845,0.060994
GPU3,80,4,0.030695,0.053841
GPU3,80,5,0.023074,0.047631
GPU3,80,6,0.029487,0.050550
GPU3,80,7,0.032480,0.054920
GPU3,80,8,0.041385,0.062428
GPU3,80,9,0.025615,0.048757
GPU3,80,10,0.023421,0.048355
GPU3,80,11,0.033232,0.058583
GPU3,80,12,0.024496,0.047151
GPU3,80,13,0.034035,0.057535
GPU3,80,14,0.024705,0.048679
GPU3,80,15,0.028822,0.051680
GPU3,80,16,0.023294,0.047407
GPU3,80,17,0.023606,0.049677
GPU3,80,18,0.033183,0.057076
GPU3,80,19,0.028604,0.049422
GPU3,80,20,0.032594,0.055468
GPU3,80,21,0.025930,0.047894
GPU3,80,22,0.033850,0.058201
GPU3,80,23,0.039756,0.063541
GPU3,80,24,0.040084,0.063097
GPU3,80,25,0.041840,0.066380
GPU3,80,26,0.048563,0.076119
GPU3,80,27,0.047266,0.069198
GPU3,80,28,0.043265,0.071450
GPU3,80,29,0.039464,0.058826
GPU3,80,30,0.025297,0.047554
GPU3,80,31,0.034571,0.056951
GPU3,80,32,0.035049,0.063414
GPU3,90,1,0.041804,0.076822
GPU3,90,2,0.041492,0.072174
GPU3,90,3,0.042037,0.072897
GPU3,90,4,0.041179,0.075572
GPU3,90,5,0.039905,0.080559
GPU3,90,6,0.029359,0.060777
GPU3,90,7,0.023797,0.061156
GPU3,90,8,0.023103,0.061409
GPU3,90,9,0.022950,0.060562
GPU3,90,10,0.023359,0.060756
GPU3,90,11,0.038178,0.076294
GPU3,90,12,0.041758,0.075276
GPU3,90,13,0.036050,0.073782
GPU3,90,14,0.044267,0.077581
GPU3,90,15,0.044288,0.078985
GPU3,90,16,0.044273,0.081173
GPU3,90,17,0.045357,0.086359
GPU3,90,18,0.043125,0.079048
GPU3,90,19,0.042081,0.080264
GPU3,90,20,0.042508,0.075279
GPU3,90,21,0.042360,0.076231
GPU3,90,22,0.033522,0.070328
GPU3,90,23,0.043681,0.075007
GPU3,90,24,0.039351,0.076968
GPU3,90,25,0.042112,0.070946
GPU3,90,26,0.029126,0.064892
GPU3,90,27,0.044499,0.078627
GPU3,90,28,0.041356,0.077760
GPU3,90,29,0.028033,0.066006
GPU3,90,30,0.043202,0.077422
GPU3,90,31,0.025185,0.060020
GPU3,90,32,0.032301,0.066674
GPU3,100,1,0.043687,0.096966
GPU3,100,2,0.043715,0.092034
GPU3,100,3,0.044204,0.097616
GPU3,100,4,0.041150,0.089031
GPU3,100,5,0.027309,0.076257
GPU3,100,6,0.038127,0.086425
GPU3,100,7,0.038861,0.081726
GPU3,100,8,0.042943,0.091926
GPU3,100,9,0.038936,0.089847
GPU3,100,10,0.025304,0.072198
GPU3,100,11,0.034842,0.084345
GPU3,100,12,0.032945,0.084683
GPU3,100,13,0.043163,0.095316
GPU3,100,14,0.043269,0.096363
GPU3,100,15,0.031179,0.083400
GPU3,100,16,0.031481,0.080337
GPU3,100,17,0.045222,0.093827
GPU3,100,18,0.031229,0.082396
GPU3,100,19,0.041586,0.092028
GPU3,100,20,0.042756,0.092889
GPU3,100,21,0.042786,0.090434
GPU3,100,22,0.037962,0.080808
GPU3,100,23,0.034550,0.086008
GPU3,100,24,0.038753,0.085026
GPU3,100,25,0.041225,0.088280
GPU3,100,26,0.024407,0.073428
GPU3,100,27,0.032171,0.078072
GPU3,100,28,0.038667,0.094813
GPU3,100,29,0.025631,0.073488
GPU3,100,30,0.035524,0.089507
GPU3,100,31,0.039700,0.088354
GPU3,100,32,0.043652,0.091043
GPU3,110,1,0.043335,0.105523
GPU3,110,2,0.027150,0.088686
GPU3,110,3,0.038319,0.106502
GPU3,110,4,0.040120,0.110161
GPU3,110,5,0.043141,0.100954
GPU3,110,6,0.027129,0.086881
GPU3,110,7,0.042232,0.108323
GPU3,110,8,0.044021,0.105149
GPU3,110,9,0.043171,0.106875
GPU3,110,10,0.027325,0.132690
GPU3,110,11,0.023161,0.090347
GPU3,110,12,0.023246,0.087105
GPU3,110,13,0.029392,0.085593
GPU3,110,14,0.040382,0.106162
GPU3,110,15,0.043918,0.107837
GPU3,110,16,0.033018,0.101712
GPU3,110,17,0.031399,0.102586
GPU3,110,18,0.023364,0.085913
GPU3,110,19,0.035928,0.104915
GPU3,110,20,0.043464,0.103967
GPU3,110,21,0.025599,0.087916
GPU3,110,22,0.027271,0.088242
GPU3,110,23,0.036770,0.109341
GPU3,110,24,0.032776,0.095344
GPU3,110,25,0.039688,0.099380
GPU3,110,26,0.040184,0.105311
GPU3,110,27,0.044220,0.113377
GPU3,110,28,0.043826,0.108978
GPU3,110,29,0.042482,0.108437
GPU3,110,30,0.026046,0.087818
GPU3,110,31,0.030979,0.094654
GPU3,110,32,0.032599,0.103746
GPU3,120,1,0.037114,0.119175
GPU3,120,2,0.045102,0.130389
GPU3,120,3,0.030263,0.107749
GPU3,120,4,0.045960,0.132559
GPU3,120,5,0.036543,0.122548
GPU3,120,6,0.023961,0.106641
GPU3,120,7,0.044242,0.124408
GPU3,120,8,0.043426,0.121418
GPU3,120,9,0.042852,0.124272
GPU3,120,10,0.042969,0.126131
GPU3,120,11,0.041802,0.117994
GPU3,120,12,0.042999,0.132548
GPU3,120,13,0.046368,0.133270
GPU3,120,14,0.025988,0.102604
GPU3,120,15,0.044238,0.125219
GPU3,120,16,0.042669,0.121473
GPU3,120,17,0.041827,0.119021
GPU3,120,18,0.041388,0.117354
GPU3,120,19,0.042523,0.123999
GPU3,120,20,0.025783,0.106079
GPU3,120,21,0.031788,0.112139
GPU3,120,22,0.036344,0.121723
GPU3,120,23,0.042396,0.123715
GPU3,120,24,0.024199,0.101485
GPU3,120,25,0.041943,0.118476
GPU3,120,26,0.044039,0.125074
GPU3,120,27,0.043085,0.128456
GPU3,120,28,0.046165,0.132132
GPU3,120,29,0.033487,0.119134
GPU3,120,30,0.043195,0.126130
GPU3,120,31,0.041583,0.123984
GPU3,120,32,0.040903,0.114618
GPU3,130,1,0.023924,0.123374
GPU3,130,2,0.036790,0.138131
GPU3,130,3,0.024696,0.121618
GPU3,130,4,0.043490,0.138245
GPU3,130,5,0.023750,0.121210
GPU3,130,6,0.029501,0.122275
GPU3,130,7,0.038085,0.145293
GPU3,130,8,0.023641,0.120522
GPU3,130,9,0.042956,0.140570
GPU3,130,10,0.042671,0.136983
GPU3,130,11,0.024421,0.119706
GPU3,130,12,0.038786,0.136451
GPU3,130,13,0.032036,0.131281
GPU3,130,14,0.041265,0.147570
GPU3,130,15,0.044861,0.144291
GPU3,130,16,0.031731,0.133612
GPU3,130,17,0.040686,0.133603
GPU3,130,18,0.042604,0.138699
GPU3,130,19,0.043375,0.143164
GPU3,130,20,0.044948,0.144824
GPU3,130,21,0.044350,0.139816
GPU3,130,22,0.034522,0.128643
GPU3,130,23,0.029404,0.126531
GPU3,130,24,0.042422,0.134337
GPU3,130,25,0.030025,0.132300
GPU3,130,26,0.023759,0.118705
GPU3,130,27,0.024020,0.121861
GPU3,130,28,0.027108,0.117283
GPU3,130,29,0.038502,0.149091
GPU3,130,30,0.044213,0.144919
GPU3,130,31,0.024402,0.120382
GPU3,130,32,0.042562,0.139850
GPU3,140,1,0.043188,0.158895
GPU3,140,2,0.023811,0.139196
GPU3,140,3,0.030820,0.147332
GPU3,140,4,0.037468,0.152896
GPU3,140,5,0.036045,0.159476
GPU3,140,6,0.024086,0.136691
GPU3,140,7,0.036649,0.154690
GPU3,140,8,0.024023,0.137605
GPU3,140,9,0.035849,0.156212
GPU3,140,10,0.039359,0.150956
GPU3,140,11,0.040097,0.161142
GPU3,140,12,0.042381,0.165734
GPU3,140,13,0.024153,0.140109
GPU3,140,14,0.024182,0.138266
GPU3,140,15,0.043251,0.162809
GPU3,140,16,0.038688,0.149662
GPU3,140,17,0.041984,0.155952
GPU3,140,18,0.028605,0.141724
GPU3,140,19,0.045153,0.161830
GPU3,140,20,0.031761,0.151078
GPU3,140,21,0.041102,0.160205
GPU3,140,22,0.044394,0.159880
GPU3,140,23,0.040325,0.158635
GPU3,140,24,0.028478,0.144672
GPU3,140,25,0.033053,0.148417
GPU3,140,26,0.036097,0.148024
GPU3,140,27,0.026381,0.141251
GPU3,140,28,0.027532,0.140941
GPU3,140,29,0.027164,0.142580
GPU3,140,30,0.042182,0.145674
GPU3,140,31,0.026459,0.137680
GPU3,140,32,0.036332,0.159571
GPU3,150,1,0.025747,0.164808
GPU3,150,2,0.034104,0.168858
GPU3,150,3,0.027334,0.159257
GPU3,150,4,0.036445,0.166530
GPU3,150,5,0.042705,0.180604
GPU3,150,6,0.032088,0.162995
GPU3,150,7,0.026122,0.162181
GPU3,150,8,0.043894,0.176405
GPU3,150,9,0.035847,0.180093
GPU3,150,10,0.026129,0.243599
GPU3,150,11,0.023937,0.159464
GPU3,150,12,0.027221,0.161646
GPU3,150,13,0.024380,0.163128
GPU3,150,14,0.038101,0.180465
GPU3,150,15,0.042804,0.180530
GPU3,150,16,0.024279,0.159850
GPU3,150,17,0.038050,0.180683
GPU3,150,18,0.043839,0.173505
GPU3,150,19,0.042431,0.175434
GPU3,150,20,0.033975,0.165369
GPU3,150,21,0.028442,0.162186
GPU3,150,22,0.038924,0.177129
GPU3,150,23,0.033627,0.175788
GPU3,150,24,0.044370,0.179437
GPU3,150,25,0.024520,0.156191
GPU3,150,26,0.044613,0.180585
GPU3,150,27,0.046356,0.189947
GPU3,150,28,0.042489,0.177246
GPU3,150,29,0.031078,0.164321
GPU3,150,30,0.044742,0.183349
GPU3,150,31,0.042567,0.186919
GPU3,150,32,0.044645,0.182605
GPU3,160,1,0.024848,0.178380
GPU3,160,2,0.043956,0.204545
GPU3,160,3,0.028238,0.206306
GPU3,160,4,0.038346,0.201565
GPU3,160,5,0.043326,0.197677
GPU3,160,6,0.044850,0.202828
GPU3,160,7,0.024469,0.180040
GPU3,160,8,0.036723,0.197921
GPU3,160,9,0.038169,0.199712
GPU3,160,10,0.045138,0.205262
GPU3,160,11,0.044181,0.202439
GPU3,160,12,0.037376,0.197664
GPU3,160,13,0.033243,0.187197
GPU3,160,14,0.045806,0.216153
GPU3,160,15,0.028695,0.182579
GPU3,160,16,0.024540,0.178310
GPU3,160,17,0.023976,0.180268
GPU3,160,18,0.038821,0.199839
GPU3,160,19,0.044883,0.204899
GPU3,160,20,0.044424,0.200717
GPU3,160,21,0.042571,0.199009
GPU3,160,22,0.033001,0.199363
GPU3,160,23,0.041298,0.199733
GPU3,160,24,0.024848,0.184516
GPU3,160,25,0.037993,0.204553
GPU3,160,26,0.042174,0.197106
GPU3,160,27,0.031740,0.185257
GPU3,160,28,0.038345,0.194146
GPU3,160,29,0.040381,0.197721
GPU3,160,30,0.045371,0.208044
GPU3,160,31,0.024606,0.177240
GPU3,160,32,0.037380,0.192635
GPU3,170,1,0.045910,0.236248
GPU3,170,2,0.024942,0.202990
GPU3,170,3,0.042913,0.224772
GPU3,170,4,0.045895,0.228350
GPU3,170,5,0.044100,0.219642
GPU3,170,6,0.042184,0.218087
GPU3,170,7,0.026787,0.203091
GPU3,170,8,0.024430,0.202358
GPU3,170,9,0.037497,0.220402
GPU3,170,10,0.044563,0.225290
GPU3,170,11,0.042458,0.216262
GPU3,170,12,0.029525,0.206177
GPU3,170,13,0.042579,0.218024
GPU3,170,14,0.024728,0.202589
GPU3,170,15,0.034582,0.206305
GPU3,170,16,0.044261,0.222820
GPU3,170,17,0.048130,0.239823
GPU3,170,18,0.043450,0.220034
GPU3,170,19,0.026862,0.203088
GPU3,170,20,0.044496,0.221476
GPU3,170,21,0.044496,0.226891
GPU3,170,22,0.032719,0.209508
GPU3,170,23,0.043129,0.224967
GPU3,170,24,0.035511,0.214091
GPU3,170,25,0.039698,0.220516
GPU3,170,26,0.043057,0.223037
GPU3,170,27,0.027263,0.198129
GPU3,170,28,0.028860,0.209322
GPU3,170,29,0.044164,0.229410
GPU3,170,30,0.043382,0.228197
GPU3,170,31,0.024503,0.205682
GPU3,170,32,0.044293,0.227793
GPU3,180,1,0.041407,0.242185
GPU3,180,2,0.044633,0.242391
GPU3,180,3,0.033625,0.235101
GPU3,180,4,0.046421,0.251961
GPU3,180,5,0.029838,0.230128
GPU3,180,6,0.024895,0.222900
GPU3,180,7,0.029415,0.234776
GPU3,180,8,0.036342,0.240345
GPU3,180,9,0.037981,0.240788
GPU3,180,10,0.024732,0.232930
GPU3,180,11,0.045831,0.244866
GPU3,180,12,0.052003,0.276480
GPU3,180,13,0.030186,0.236891
GPU3,180,14,0.024901,0.226976
GPU3,180,15,0.034933,0.243592
GPU3,180,16,0.044645,0.246307
GPU3,180,17,0.035129,0.234430
GPU3,180,18,0.043711,0.246079
GPU3,180,19,0.044235,0.249998
GPU3,180,20,0.043670,0.248407
GPU3,180,21,0.040557,0.236747
GPU3,180,22,0.043035,0.241291
GPU3,180,23,0.044874,0.246476
GPU3,180,24,0.041106,0.239916
GPU3,180,25,0.044082,0.247912
GPU3,180,26,0.024865,0.226516
GPU3,180,27,0.025345,0.222642
GPU3,180,28,0.046211,0.259632
GPU3,180,29,0.043497,0.250014
GPU3,180,30,0.029673,0.231018
GPU3,180,31,0.043346,0.242698
GPU3,180,32,0.025028,0.220224
GPU3,190,1,0.038352,0.265518
GPU3,190,2,0.024960,0.256411
GPU3,190,3,0.044465,0.267917
GPU3,190,4,0.041775,0.262739
GPU3,190,5,0.024880,0.259327
GPU3,190,6,0.048796,0.291719
GPU3,190,7,0.025585,0.248987
GPU3,190,8,0.032527,0.260418
GPU3,190,9,0.040732,0.276743
GPU3,190,10,0.026792,0.260570
GPU3,190,11,0.024822,0.247341
GPU3,190,12,0.033110,0.254537
GPU3,190,13,0.032228,0.263705
GPU3,190,14,0.024577,0.254388
GPU3,190,15,0.038257,0.267045
GPU3,190,16,0.044601,0.270906
GPU3,190,17,0.028861,0.254937
GPU3,190,18,0.041147,0.268344
GPU3,190,19,0.043089,0.260342
GPU3,190,20,0.045276,0.288367
GPU3,190,21,0.047468,0.298183
GPU3,190,22,0.024655,0.257349
GPU3,190,23,0.031555,0.263579
GPU3,190,24,0.040302,0.275419
GPU3,190,25,0.024725,0.252356
GPU3,190,26,0.043429,0.277697
GPU3,190,27,0.025838,0.261117
GPU3,190,28,0.026186,0.251303
GPU3,190,29,0.039892,0.268272
GPU3,190,30,0.040964,0.260179
GPU3,190,31,0.043336,0.262877
GPU3,190,32,0.046343,0.282136
GPU3,200,1,0.035749,0.293715
GPU3,200,2,0.025264,0.280025
GPU3,200,3,0.045307,0.303782
GPU3,200,4,0.044377,0.298239
GPU3,200,5,0.025247,0.273937
GPU3,200,6,0.040170,0.290302
GPU3,200,7,0.029268,0.287546
GPU3,200,8,0.024928,0.279763
GPU3,200,9,0.039736,0.292644
GPU3,200,10,0.024710,0.278229
GPU3,200,11,0.025457,0.278769
GPU3,200,12,0.046816,0.301027
GPU3,200,13,0.044356,0.294274
GPU3,200,14,0.024763,0.284810
GPU3,200,15,0.038642,0.305655
GPU3,200,16,0.028574,0.284390
GPU3,200,17,0.025308,0.273414
GPU3,200,18,0.043390,0.294615
GPU3,200,19,0.025023,0.281993
GPU3,200,20,0.044921,0.309330
GPU3,200,21,0.034394,0.287506
GPU3,200,22,0.028404,0.276981
GPU3,200,23,0.025305,0.278512
GPU3,200,24,0.024948,0.278882
GPU3,200,25,0.039769,0.290901
GPU3,200,26,0.039925,0.299076
GPU3,200,27,0.035197,0.278619
GPU3,200,28,0.038550,0.285044
GPU3,200,29,0.047243,0.308909
GPU3,200,30,0.045164,0.301116
GPU3,200,31,0.045016,0.299534
GPU3,200,32,0.045468,0.297436
GPU3,210,1,0.045775,0.339989
GPU3,210,2,0.026283,0.313415
GPU3,210,3,0.047470,0.328177
GPU3,210,4,0.040648,0.314053
GPU3,210,5,0.025284,0.299827
GPU3,210,6,0.046702,0.329498
GPU3,210,7,0.024809,0.304429
GPU3,210,8,0.040371,0.318001
GPU3,210,9,0.045362,0.329183
GPU3,210,10,0.037260,0.322884
GPU3,210,11,0.044633,0.332086
GPU3,210,12,0.031401,0.318157
GPU3,210,13,0.029637,0.312465
GPU3,210,14,0.040264,0.352316
GPU3,210,15,0.024769,0.307925
GPU3,210,16,0.043050,0.327763
GPU3,210,17,0.046086,0.340567
GPU3,210,18,0.045816,0.340348
GPU3,210,19,0.046193,0.332358
GPU3,210,20,0.044302,0.336841
GPU3,210,21,0.025547,0.311225
GPU3,210,22,0.031176,0.302856
GPU3,210,23,0.025462,0.315353
GPU3,210,24,0.025087,0.302910
GPU3,210,25,0.040115,0.332145
GPU3,210,26,0.044342,0.412829
GPU3,210,27,0.044716,0.327202
GPU3,210,28,0.042122,0.330296
GPU3,210,29,0.045986,0.331515
GPU3,210,30,0.046059,0.338453
GPU3,210,31,0.046050,0.321789
GPU3,210,32,0.046787,0.333401
GPU3,220,1,0.046012,0.359809
GPU3,220,2,0.030910,0.341847
GPU3,220,3,0.046603,0.355561
GPU3,220,4,0.034028,0.341064
GPU3,220,5,0.044811,0.368111
GPU3,220,6,0.046985,0.357077
GPU3,220,7,0.045752,0.351445
GPU3,220,8,0.045311,0.362472
GPU3,220,9,0.040963,0.348860
GPU3,220,10,0.045352,0.367621
GPU3,220,11,0.047658,0.359880
GPU3,220,12,0.027556,0.344441
GPU3,220,13,0.044172,0.357846
GPU3,220,14,0.044370,0.355151
GPU3,220,15,0.032326,0.347607
GPU3,220,16,0.030299,0.336372
GPU3,220,17,0.025379,0.336660
GPU3,220,18,0.044845,0.351050
GPU3,220,19,0.025700,0.333457
GPU3,220,20,0.038308,0.359027
GPU3,220,21,0.025038,0.332597
GPU3,220,22,0.025336,0.348564
GPU3,220,23,0.039632,0.345735
GPU3,220,24,0.044318,0.348242
GPU3,220,25,0.033159,0.345129
GPU3,220,26,0.044173,0.357668
GPU3,220,27,0.041103,0.366656
GPU3,220,28,0.045439,0.357128
GPU3,220,29,0.037047,0.350530
GPU3,220,30,0.025729,0.333985
GPU3,220,31,0.038363,0.348908
GPU3,220,32,0.039344,0.356424
GPU3,230,1,0.031339,0.376623
GPU3,230,2,0.025273,0.370885
GPU3,230,3,0.032727,0.390882
GPU3,230,4,0.046720,0.387735
GPU3,230,5,0.025502,0.366047
GPU3,230,6,0.030053,0.370427
GPU3,230,7,0.042788,0.384251
GPU3,230,8,0.038323,0.408557
GPU3,230,9,0.044902,0.382232
GPU3,230,10,0.026082,0.376640
GPU3,230,11,0.046319,0.391600
GPU3,230,12,0.035988,0.376979
GPU3,230,13,0.048139,0.404347
GPU3,230,14,0.025649,0.370286
GPU3,230,15,0.046226,0.394048
GPU3,230,16,0.025758,0.374307
GPU3,230,17,0.031250,0.373856
GPU3,230,18,0.025800,0.366470
GPU3,230,19,0.046608,0.396784
GPU3,230,20,0.047101,0.389059
GPU3,230,21,0.041364,0.372981
GPU3,230,22,0.044218,0.396468
GPU3,230,23,0.045597,0.404953
GPU3,230,24,0.025775,0.379740
GPU3,230,25,0.040368,0.386825
GPU3,230,26,0.033184,0.369088
GPU3,230,27,0.032537,0.374778
GPU3,230,28,0.047784,0.386080
GPU3,230,29,0.025671,0.373480
GPU3,230,30,0.026107,0.360353
GPU3,230,31,0.041134,0.396801
GPU3,230,32,0.044884,0.389395
GPU3,240,1,0.045690,0.416349
GPU3,240,2,0.043375,0.416064
GPU3,240,3,0.037658,0.412811
GPU3,240,4,0.046555,0.415262
GPU3,240,5,0.027544,0.399169
GPU3,240,6,0.044237,0.423835
GPU3,240,7,0.025602,0.402266
GPU3,240,8,0.040387,0.416548
GPU3,240,9,0.033782,0.400675
GPU3,240,10,0.034165,0.400908
GPU3,240,11,0.046905,0.426874
GPU3,240,12,0.035758,0.409252
GPU3,240,13,0.037702,0.404593
GPU3,240,14,0.049070,0.424667
GPU3,240,15,0.045838,0.411020
GPU3,240,16,0.045691,0.417346
GPU3,240,17,0.046296,0.419578
GPU3,240,18,0.046210,0.408132
GPU3,240,19,0.046165,0.436711
GPU3,240,20,0.044325,0.430769
GPU3,240,21,0.046529,0.417912
GPU3,240,22,0.046621,0.416978
GPU3,240,23,0.031683,0.399829
GPU3,240,24,0.042050,0.414681
GPU3,240,25,0.031807,0.419312
GPU3,240,26,0.028629,0.405049
GPU3,240,27,0.042663,0.420694
GPU3,240,28,0.048391,0.427094
GPU3,240,29,0.025542,0.371414
GPU3,240,30,0.025500,0.341716
GPU3,240,31,0.039792,0.421579
GPU3,240,32,0.045174,0.412996
GPU3,250,1,0.046462,0.454723
GPU3,250,2,0.028838,0.427847
GPU3,250,3,0.047134,0.447246
GPU3,250,4,0.035506,0.448166
GPU3,250,5,0.045109,0.451117
GPU3,250,6,0.048622,0.468370
GPU3,250,7,0.045735,0.456252
GPU3,250,8,0.047604,0.465486
GPU3,250,9,0.045916,0.449825
GPU3,250,10,0.043451,0.449564
GPU3,250,11,0.045891,0.438239
GPU3,250,12,0.043917,0.447396
GPU3,250,13,0.026001,0.424958
GPU3,250,14,0.031096,0.437804
GPU3,250,15,0.044580,0.454719
GPU3,250,16,0.034594,0.447480
GPU3,250,17,0.046982,0.455088
GPU3,250,18,0.043856,0.442225
GPU3,250,19,0.045948,0.458135
GPU3,250,20,0.050181,0.466241
GPU3,250,21,0.049593,0.459180
GPU3,250,22,0.026047,0.430504
GPU3,250,23,0.048174,0.459726
GPU3,250,24,0.045927,0.448284
GPU3,250,25,0.031476,0.425187
GPU3,250,26,0.026253,0.433662
GPU3,250,27,0.046909,0.471793
GPU3,250,28,0.046349,0.441644
GPU3,250,29,0.033513,0.439852
GPU3,250,30,0.044812,0.449023
GPU3,250,31,0.029828,0.447741
GPU3,250,32,0.042727,0.451249
GPU3,260,1,0.046663,0.496113
GPU3,260,2,0.049353,0.526267
GPU3,260,3,0.031834,0.471305
GPU3,260,4,0.048288,0.497428
GPU3,260,5,0.048129,0.502461
GPU3,260,6,0.048825,0.500079
GPU3,260,7,0.044351,0.477817
GPU3,260,8,0.046981,0.498712
GPU3,260,9,0.046970,0.477999
GPU3,260,10,0.026100,0.457904
GPU3,260,11,0.035242,0.475863
GPU3,260,12,0.049090,0.507939
GPU3,260,13,0.044820,0.486879
GPU3,260,14,0.043913,0.468396
GPU3,260,15,0.025785,0.460824
GPU3,260,16,0.028422,0.396296
GPU3,260,17,0.035025,0.477587
GPU3,260,18,0.047157,0.491127
GPU3,260,19,0.035116,0.487699
GPU3,260,20,0.040289,0.481253
GPU3,260,21,0.034676,0.478193
GPU3,260,22,0.026323,0.440907
GPU3,260,23,0.041629,0.477170
GPU3,260,24,0.040122,0.497328
GPU3,260,25,0.025748,0.441864
GPU3,260,26,0.044968,0.485327
GPU3,260,27,0.047781,0.490956
GPU3,260,28,0.035841,0.482276
GPU3,260,29,0.049239,0.501739
GPU3,260,30,0.047038,0.510197
GPU3,260,31,0.046017,0.490935
GPU3,260,32,0.026385,0.453676
GPU3,270,1,0.048087,0.533565
GPU3,270,2,0.045755,0.520641
GPU3,270,3,0.045811,0.521172
GPU3,270,4,0.045634,0.524890
GPU3,270,5,0.028903,0.507932
GPU3,270,6,0.045061,0.511943
GPU3,270,7,0.027831,0.487567
GPU3,270,8,0.047356,0.536187
GPU3,270,9,0.046345,0.515776
GPU3,270,10,0.046303,0.525808
GPU3,270,11,0.026347,0.485006
GPU3,270,12,0.046159,0.516111
GPU3,270,13,0.047497,0.524512
GPU3,270,14,0.038174,0.516492
GPU3,270,15,0.044424,0.523838
GPU3,270,16,0.035114,0.504202
GPU3,270,17,0.045109,0.511624
GPU3,270,18,0.044897,0.523211
GPU3,270,19,0.026537,0.491768
GPU3,270,20,0.048013,0.526236
GPU3,270,21,0.047487,0.526087
GPU3,270,22,0.026766,0.492124
GPU3,270,23,0.046027,0.529700
GPU3,270,24,0.028050,0.483376
GPU3,270,25,0.047388,0.527232
GPU3,270,26,0.044972,0.509413
GPU3,270,27,0.026671,0.489613
GPU3,270,28,0.041611,0.528597
GPU3,270,29,0.046045,0.525473
GPU3,270,30,0.045889,0.521494
GPU3,270,31,0.036748,0.510778
GPU3,270,32,0.052448,0.536484
GPU3,280,1,0.027014,0.523257
GPU3,280,2,0.046222,0.555107
GPU3,280,3,0.046677,0.558794
GPU3,280,4,0.049352,0.578426
GPU3,280,5,0.027144,0.514887
GPU3,280,6,0.039197,0.571129
GPU3,280,7,0.047261,0.586179
GPU3,280,8,0.047436,0.559353
GPU3,280,9,0.032724,0.542212
GPU3,280,10,0.052272,0.581411
GPU3,280,11,0.057095,0.591874
GPU3,280,12,0.052545,0.569204
GPU3,280,13,0.047874,0.559636
GPU3,280,14,0.047524,0.547673
GPU3,280,15,0.026493,0.528089
GPU3,280,16,0.049925,0.572874
GPU3,280,17,0.044953,0.562230
GPU3,280,18,0.026716,0.513144
GPU3,280,19,0.025520,0.453455
GPU3,280,20,0.030568,0.537142
GPU3,280,21,0.046078,0.559981
GPU3,280,22,0.047787,0.564191
GPU3,280,23,0.047698,0.558868
GPU3,280,24,0.045255,0.552158
GPU3,280,25,0.039863,0.557389
GPU3,280,26,0.046654,0.571005
GPU3,280,27,0.048152,0.571340
GPU3,280,28,0.047478,0.561695
GPU3,280,29,0.046810,0.571570
GPU3,280,30,0.031720,0.547124
GPU3,280,31,0.046327,0.560801
GPU3,280,32,0.041772,0.562414
GPU3,290,1,0.047322,0.606429
GPU3,290,2,0.049387,0.604868
GPU3,290,3,0.050207,0.612718
GPU3,290,4,0.052265,0.613363
GPU3,290,5,0.026949,0.548532
GPU3,290,6,0.035586,0.574838
GPU3,290,7,0.050986,0.626754
GPU3,290,8,0.046409,0.591605
GPU3,290,9,0.047613,0.599837
GPU3,290,10,0.045150,0.591691
GPU3,290,11,0.039825,0.589009
GPU3,290,12,0.049753,0.605993
GPU3,290,13,0.047847,0.597794
GPU3,290,14,0.048694,0.615373
GPU3,290,15,0.049619,0.602267
GPU3,290,16,0.047537,0.599402
GPU3,290,17,0.027368,0.566773
GPU3,290,18,0.041765,0.588795
GPU3,290,19,0.045869,0.594509
GPU3,290,20,0.047886,0.590394
GPU3,290,21,0.026784,0.545681
GPU3,290,22,0.041219,0.611612
GPU3,290,23,0.049833,0.607298
GPU3,290,24,0.026892,0.548895
GPU3,290,25,0.041533,0.585089
GPU3,290,26,0.027325,0.542248
GPU3,290,27,0.036416,0.592440
GPU3,290,28,0.047023,0.612086
GPU3,290,29,0.027000,0.545483
GPU3,290,30,0.044718,0.588019
GPU3,290,31,0.037516,0.598779
GPU3,290,32,0.027145,0.542338
GPU3,300,1,0.047455,0.646580
GPU3,300,2,0.049297,0.637767
GPU3,300,3,0.027105,0.566126
GPU3,300,4,0.048232,0.648482
GPU3,300,5,0.045203,0.640517
GPU3,300,6,0.029651,0.538760
GPU3,300,7,0.035987,0.630603
GPU3,300,8,0.052707,0.672408
GPU3,300,9,0.052611,0.650960
GPU3,300,10,0.027485,0.587893
GPU3,300,11,0.042687,0.652109
GPU3,300,12,0.037732,0.632226
GPU3,300,13,0.039401,0.638356
GPU3,300,14,0.046774,0.661725
GPU3,300,15,0.029541,0.593917
GPU3,300,16,0.047715,0.641755
GPU3,300,17,0.027455,0.594489
GPU3,300,18,0.041357,0.637137
GPU3,300,19,0.052822,0.643336
GPU3,300,20,0.033237,0.607833
GPU3,300,21,0.042530,0.622942
GPU3,300,22,0.049832,0.654621
GPU3,300,23,0.047132,0.644353
GPU3,300,24,0.047001,0.628307
GPU3,300,25,0.052416,0.705482
GPU3,300,26,0.027406,0.574110
GPU3,300,27,0.034965,0.617213
GPU3,300,28,0.045610,0.634708
GPU3,300,29,0.049656,0.639692
GPU3,300,30,0.049774,0.647186
GPU3,300,31,0.027340,0.588255
GPU3,300,32,0.047457,0.635355
GPU3,310,1,0.048268,0.691948
GPU3,310,2,0.026385,0.573403
GPU3,310,3,0.051942,0.703275
GPU3,310,4,0.027939,0.605251
GPU3,310,5,0.026371,0.580006
GPU3,310,6,0.047405,0.662781
GPU3,310,7,0.049715,0.676865
GPU3,310,8,0.048022,0.667473
GPU3,310,9,0.053057,0.721410
GPU3,310,10,0.052525,0.698123
GPU3,310,11,0.049154,0.668252
GPU3,310,12,0.036532,0.664971
GPU3,310,13,0.052010,0.695968
GPU3,310,14,0.049549,0.706680
GPU3,310,15,0.051597,0.697917
GPU3,310,16,0.054783,0.692309
GPU3,310,17,0.052012,0.706606
GPU3,310,18,0.047382,0.690320
GPU3,310,19,0.040600,0.688172
GPU3,310,20,0.033648,0.653981
GPU3,310,21,0.047187,0.678250
GPU3,310,22,0.037520,0.660988
GPU3,310,23,0.050629,0.682682
GPU3,310,24,0.028030,0.604953
GPU3,310,25,0.047358,0.691704
GPU3,310,26,0.050671,0.670796
GPU3,310,27,0.053526,0.703551
GPU3,310,28,0.048921,0.710830
GPU3,310,29,0.046813,0.712210
GPU3,310,30,0.050575,0.691359
GPU3,310,31,0.047672,0.707588
GPU3,310,32,0.051587,0.726711
GPU3,320,1,0.050010,0.722406
GPU3,320,2,0.033372,0.697853
GPU3,320,3,0.052190,0.737167
GPU3,320,4,0.053593,0.733585
GPU3,320,5,0.047105,0.705399
GPU3,320,6,0.027217,0.586212
GPU3,320,7,0.049120,0.716162
GPU3,320,8,0.033926,0.704708
GPU3,320,9,0.048086,0.701253
GPU3,320,10,0.027772,0.606178
GPU3,320,11,0.054077,0.760789
GPU3,320,12,0.040764,0.702006
GPU3,320,13,0.053284,0.716011
GPU3,320,14,0.052551,0.760703
GPU3,320,15,0.052184,0.740386
GPU3,320,16,0.042439,0.724799
GPU3,320,17,0.039966,0.713120
GPU3,320,18,0.030607,0.609846
GPU3,320,19,0.050597,0.727447
GPU3,320,20,0.026882,0.613802
GPU3,320,21,0.038630,0.697903
GPU3,320,22,0.045165,0.693427
GPU3,320,23,0.042317,0.729818
GPU3,320,24,0.034861,0.703122
GPU3,320,25,0.047409,0.712540
GPU3,320,26,0.048466,0.722831
GPU3,320,27,0.046724,0.720200
GPU3,320,28,0.026550,0.600725
GPU3,320,29,0.048171,0.718979
GPU3,320,30,0.039734,0.710678
GPU3,320,31,0.047633,0.723142
GPU3,320,32,0.053109,0.746215
GPU3,330,1,0.051789,0.761338
GPU3,330,2,0.057415,0.791472
GPU3,330,3,0.051093,0.776921
GPU3,330,4,0.051142,0.784968
GPU3,330,5,0.057052,0.802268
GPU3,330,6,0.052707,0.802163
GPU3,330,7,0.036560,0.749445
GPU3,330,8,0.049045,0.745670
GPU3,330,9,0.036996,0.729841
GPU3,330,10,0.050817,0.754379
GPU3,330,11,0.049268,0.781752
GPU3,330,12,0.053842,0.780763
GPU3,330,13,0.028161,0.631394
GPU3,330,14,0.030273,0.640835
GPU3,330,15,0.048673,0.783539
GPU3,330,16,0.048485,0.754189
GPU3,330,17,0.053936,0.767938
GPU3,330,18,0.054536,0.790059
GPU3,330,19,0.035042,0.734229
GPU3,330,20,0.026418,0.631311
GPU3,330,21,0.048849,0.759029
GPU3,330,22,0.049943,0.763839
GPU3,330,23,0.033156,0.735889
GPU3,330,24,0.048423,0.766343
GPU3,330,25,0.054924,0.784224
GPU3,330,26,0.054178,0.780225
GPU3,330,27,0.028590,0.682959
GPU3,330,28,0.050151,0.779548
GPU3,330,29,0.036374,0.752967
GPU3,330,30,0.048189,0.760624
GPU3,330,31,0.047155,0.755454
GPU3,330,32,0.036525,0.738199
GPU3,340,1,0.049316,0.824682
GPU3,340,2,0.053351,0.837045
GPU3,340,3,0.028050,0.767633
GPU3,340,4,0.043194,0.784123
GPU3,340,5,0.032755,0.760421
GPU3,340,6,0.026926,0.673404
GPU3,340,7,0.048770,0.819512
GPU3,340,8,0.047713,0.824543
GPU3,340,9,0.046814,0.766680
GPU3,340,10,0.051448,0.805677
GPU3,340,11,0.049143,0.798053
GPU3,340,12,0.049145,0.805967
GPU3,340,13,0.052852,0.799651
GPU3,340,14,0.039428,0.798896
GPU3,340,15,0.054498,0.827904
GPU3,340,16,0.027790,0.692834
GPU3,340,17,0.042183,0.782903
GPU3,340,18,0.049892,0.795669
GPU3,340,19,0.049060,0.798440
GPU3,340,20,0.033382,0.825001
GPU3,340,21,0.056508,0.809058
GPU3,340,22,0.047596,0.805456
GPU3,340,23,0.026680,0.651214
GPU3,340,24,0.039019,0.771575
GPU3,340,25,0.045961,0.784132
GPU3,340,26,0.050412,0.787756
GPU3,340,27,0.048759,0.792184
GPU3,340,28,0.054897,0.819330
GPU3,340,29,0.049639,0.798956
GPU3,340,30,0.039251,0.778878
GPU3,340,31,0.052630,0.814035
GPU3,340,32,0.047772,0.801249
GPU3,350,1,0.048015,0.818670
GPU3,350,2,0.036781,0.816798
GPU3,350,3,0.046470,0.841494
GPU3,350,4,0.052159,0.866737
GPU3,350,5,0.049499,0.832811
GPU3,350,6,0.043096,0.830356
GPU3,350,7,0.051337,0.845516
GPU3,350,8,0.051347,0.841138
GPU3,350,9,0.050445,0.817823
GPU3,350,10,0.026687,0.707200
GPU3,350,11,0.047697,0.833844
GPU3,350,12,0.036890,0.835459
GPU3,350,13,0.049480,0.832741
GPU3,350,14,0.043151,0.821833
GPU3,350,15,0.047439,0.849814
GPU3,350,16,0.049195,0.813066
GPU3,350,17,0.052554,0.848913
GPU3,350,18,0.034161,0.796756
GPU3,350,19,0.047481,0.823952
GPU3,350,20,0.048884,0.809892
GPU3,350,21,0.027656,0.711852
GPU3,350,22,0.042357,0.824262
GPU3,350,23,0.049079,0.801135
GPU3,350,24,0.038070,0.824315
GPU3,350,25,0.047857,0.815126
GPU3,350,26,0.050073,0.856083
GPU3,350,27,0.049046,0.820208
GPU3,350,28,0.049133,0.840006
GPU3,350,29,0.048060,0.838022
GPU3,350,30,0.052631,0.870884
GPU3,350,31,0.054164,0.841593
GPU3,350,32,0.048822,0.814715
GPU3,360,1,0.027701,0.771110
GPU3,360,2,0.050816,0.882297
GPU3,360,3,0.027966,0.751025
GPU3,360,4,0.049903,0.850594
GPU3,360,5,0.050654,0.883580
GPU3,360,6,0.045986,0.877106
GPU3,360,7,0.054998,0.901525
GPU3,360,8,0.053122,0.888412
GPU3,360,9,0.039527,0.851200
GPU3,360,10,0.047394,0.867019
GPU3,360,11,0.037957,0.857708
GPU3,360,12,0.040743,0.858790
GPU3,360,13,0.027392,0.741782
GPU3,360,14,0.052780,0.891365
GPU3,360,15,0.052386,0.881524
GPU3,360,16,0.045582,0.835884
GPU3,360,17,0.048586,0.896849
GPU3,360,18,0.048272,0.868912
GPU3,360,19,0.053315,0.903185
GPU3,360,20,0.048516,0.890224
GPU3,360,21,0.027776,0.769388
GPU3,360,22,0.046030,0.877286
GPU3,360,23,0.029343,0.765284
GPU3,360,24,0.049920,0.900802
GPU3,360,25,0.041289,0.910235
GPU3,360,26,0.040544,0.852192
GPU3,360,27,0.047666,0.884865
GPU3,360,28,0.049504,0.871066
GPU3,360,29,0.038340,0.866960
GPU3,360,30,0.031031,0.759075
GPU3,360,31,0.051390,0.872455
GPU3,360,32,0.056200,0.888904
GPU3,370,1,0.052462,0.932811
GPU3,370,2,0.050907,0.924281
GPU3,370,3,0.052240,0.925997
GPU3,370,4,0.049401,0.907519
GPU3,370,5,0.045619,0.890473
GPU3,370,6,0.028410,0.782612
GPU3,370,7,0.050499,0.912795
GPU3,370,8,0.051338,0.919735
GPU3,370,9,0.042493,0.918397
GPU3,370,10,0.034303,0.886866
GPU3,370,11,0.050390,0.914014
GPU3,370,12,0.048103,0.913593
GPU3,370,13,0.048788,0.915850
GPU3,370,14,0.054094,0.941955
GPU3,370,15,0.049461,0.925927
GPU3,370,16,0.038210,0.936643
GPU3,370,17,0.053769,0.942079
GPU3,370,18,0.056647,0.949622
GPU3,370,19,0.050016,0.913508
GPU3,370,20,0.050698,0.914258
GPU3,370,21,0.035571,0.894735
GPU3,370,22,0.052867,0.931952
GPU3,370,23,0.044499,0.893920
GPU3,370,24,0.054755,0.922714
GPU3,370,25,0.040853,0.900959
GPU3,370,26,0.057107,0.936682
GPU3,370,27,0.040314,0.929294
GPU3,370,28,0.028574,0.794532
GPU3,370,29,0.036308,0.888490
GPU3,370,30,0.040010,0.900451
GPU3,370,31,0.049900,0.924704
GPU3,370,32,0.046385,0.958307
GPU3,380,1,0.047393,0.977551
GPU3,380,2,0.040838,0.923339
GPU3,380,3,0.048217,0.949203
GPU3,380,4,0.041001,0.959212
GPU3,380,5,0.050341,0.971135
GPU3,380,6,0.038105,0.944624
GPU3,380,7,0.049333,0.959983
GPU3,380,8,0.030970,0.871059
GPU3,380,9,0.054207,0.955357
GPU3,380,10,0.037772,0.946839
GPU3,380,11,0.057962,0.981764
GPU3,380,12,0.054363,1.001527
GPU3,380,13,0.044311,0.943093
GPU3,380,14,0.052827,0.976910
GPU3,380,15,0.054077,0.963973
GPU3,380,16,0.049433,0.978493
GPU3,380,17,0.048765,0.988234
GPU3,380,18,0.047594,0.987433
GPU3,380,19,0.051048,0.957055
GPU3,380,20,0.028231,0.836119
GPU3,380,21,0.054849,0.980187
GPU3,380,22,0.044851,0.946613
GPU3,380,23,0.053187,0.995391
GPU3,380,24,0.051645,0.946192
GPU3,380,25,0.045141,0.914083
GPU3,380,26,0.040465,0.936047
GPU3,380,27,0.051916,0.966178
GPU3,380,28,0.053799,0.977194
GPU3,380,29,0.055490,1.007405
GPU3,380,30,0.053190,1.001695
GPU3,380,31,0.054569,0.985623
GPU3,380,32,0.051538,0.952431
GPU3,390,1,0.055693,1.018154
GPU3,390,2,0.056089,1.024903
GPU3,390,3,0.043084,0.980825
GPU3,390,4,0.051115,0.993153
GPU3,390,5,0.049239,0.995072
GPU3,390,6,0.049940,0.993790
GPU3,390,7,0.040752,0.974718
GPU3,390,8,0.029901,0.926293
GPU3,390,9,0.035322,1.001131
GPU3,390,10,0.050272,0.985714
GPU3,390,11,0.046194,1.004829
GPU3,390,12,0.051355,1.017758
GPU3,390,13,0.058630,1.048540
GPU3,390,14,0.049237,1.030213
GPU3,390,15,0.053038,1.018462
GPU3,390,16,0.041191,0.991565
GPU3,390,17,0.050735,0.996243
GPU3,390,18,0.047751,1.018394
GPU3,390,19,0.055841,1.035804
GPU3,390,20,0.052277,0.994688
GPU3,390,21,0.047563,0.998371
GPU3,390,22,0.054182,1.019516
GPU3,390,23,0.053301,1.015714
GPU3,390,24,0.027706,0.874303
GPU3,390,25,0.034372,0.882291
GPU3,390,26,0.040989,1.001888
GPU3,390,27,0.038603,0.981091
GPU3,390,28,0.054104,1.021607
GPU3,390,29,0.048872,1.025464
GPU3,390,30,0.054723,1.016388
GPU3,390,31,0.052207,1.011369
GPU3,390,32,0.034991,0.966620
GPU3,400,1,0.052451,1.058377
GPU3,400,2,0.051474,1.046655
GPU3,400,3,0.053573,1.056426
GPU3,400,4,0.050962,1.025401
GPU3,400,5,0.052257,1.044547
GPU3,400,6,0.057750,1.065740
GPU3,400,7,0.054866,1.072179
GPU3,400,8,0.028366,0.912265
GPU3,400,9,0.049623,1.028854
GPU3,400,10,0.058730,1.095233
GPU3,400,11,0.051128,1.029681
GPU3,400,12,0.040257,1.090689
GPU3,400,13,0.058024,1.065820
GPU3,400,14,0.051467,1.072071
GPU3,400,15,0.054988,1.078674
GPU3,400,16,0.050902,1.012041
GPU3,400,17,0.056717,1.064412
GPU3,400,18,0.051508,1.037696
GPU3,400,19,0.050287,1.053108
GPU3,400,20,0.051529,1.038408
GPU3,400,21,0.054174,1.094203
GPU3,400,22,0.051080,1.036075
GPU3,400,23,0.028821,0.917598
GPU3,400,24,0.056962,1.062960
GPU3,400,25,0.055622,1.074771
GPU3,400,26,0.051951,1.055984
GPU3,400,27,0.037104,1.040753
GPU3,400,28,0.036798,1.014001
GPU3,400,29,0.051919,1.039216
GPU3,400,30,0.040370,1.033242
GPU3,400,31,0.054440,1.082846
GPU3,400,32,0.050906,1.047934
GPU3,410,1,0.050560,1.066364
GPU3,410,2,0.055670,1.117123
GPU3,410,3,0.053144,1.118523
GPU3,410,4,0.050614,1.089504
GPU3,410,5,0.042858,1.094520
GPU3,410,6,0.051619,1.092656
GPU3,410,7,0.052900,1.109191
GPU3,410,8,0.052930,1.117658
GPU3,410,9,0.053847,1.112615
GPU3,410,10,0.049883,1.111258
GPU3,410,11,0.043217,1.112343
GPU3,410,12,0.056759,1.126577
GPU3,410,13,0.053195,1.070909
GPU3,410,14,0.049269,1.060794
GPU3,410,15,0.029234,0.965029
GPU3,410,16,0.054697,1.102519
GPU3,410,17,0.052275,1.093451
GPU3,410,18,0.054990,1.118566
GPU3,410,19,0.052038,1.083725
GPU3,410,20,0.053029,1.100878
GPU3,410,21,0.034649,0.988464
GPU3,410,22,0.053162,1.136945
GPU3,410,23,0.052075,1.092801
GPU3,410,24,0.053409,1.107412
GPU3,410,25,0.048362,1.098722
GPU3,410,26,0.050557,1.108569
GPU3,410,27,0.055689,1.113275
GPU3,410,28,0.054308,1.075732
GPU3,410,29,0.057713,1.118861
GPU3,410,30,0.055246,1.119049
GPU3,410,31,0.050004,1.096480
GPU3,410,32,0.052047,1.114541
GPU3,420,1,0.060152,1.123026
GPU3,420,2,0.056248,1.127487
GPU3,420,3,0.052600,1.149852
GPU3,420,4,0.057505,1.175698
GPU3,420,5,0.053964,1.188319
GPU3,420,6,0.052792,1.168385
GPU3,420,7,0.033444,1.018133
GPU3,420,8,0.053727,1.170018
GPU3,420,9,0.058554,1.188842
GPU3,420,10,0.053287,1.146958
GPU3,420,11,0.053937,1.154270
GPU3,420,12,0.051929,1.162254
GPU3,420,13,0.053262,1.136797
GPU3,420,14,0.030220,1.035086
GPU3,420,15,0.029332,1.047835
GPU3,420,16,0.053868,1.179142
GPU3,420,17,0.030734,1.039826
GPU3,420,18,0.053468,1.166060
GPU3,420,19,0.056350,1.158343
GPU3,420,20,0.053311,1.152542
GPU3,420,21,0.044272,1.140553
GPU3,420,22,0.052702,1.146567
GPU3,420,23,0.044457,1.162157
GPU3,420,24,0.056514,1.156303
GPU3,420,25,0.060966,1.182772
GPU3,420,26,0.029668,1.029278
GPU3,420,27,0.054260,1.155913
GPU3,420,28,0.053794,1.159871
GPU3,420,29,0.055849,1.137955
GPU3,420,30,0.056214,1.134007
GPU3,420,31,0.033493,1.046582
GPU3,420,32,0.053405,1.142333
GPU3,430,1,0.052998,1.210539
GPU3,430,2,0.054316,1.201585
GPU3,430,3,0.049529,1.194919
GPU3,430,4,0.029829,1.080485
GPU3,430,5,0.057217,1.201104
GPU3,430,6,0.044745,1.212018
GPU3,430,7,0.058896,1.203421
GPU3,430,8,0.030743,1.101037
GPU3,430,9,0.058889,1.253529
GPU3,430,10,0.054299,1.198851
GPU3,430,11,0.051977,1.204376
GPU3,430,12,0.053854,1.206235
GPU3,430,13,0.055076,1.207041
GPU3,430,14,0.035893,1.149994
GPU3,430,15,0.053804,1.226982
GPU3,430,16,0.034884,1.119163
GPU3,430,17,0.053191,1.171102
GPU3,430,18,0.052891,1.202459
GPU3,430,19,0.046431,1.190190
GPU3,430,20,0.055342,1.172125
GPU3,430,21,0.034035,1.130402
GPU3,430,22,0.053733,1.202568
GPU3,430,23,0.056002,1.190748
GPU3,430,24,0.035940,1.088900
GPU3,430,25,0.073171,1.401086
GPU3,430,26,0.058027,1.204113
GPU3,430,27,0.030013,1.076319
GPU3,430,28,0.055795,1.166135
GPU3,430,29,0.058304,1.256678
GPU3,430,30,0.054479,1.186764
GPU3,430,31,0.046427,1.206276
GPU3,430,32,0.055799,1.197630
GPU3,440,1,0.054414,1.243463
GPU3,440,2,0.061147,1.268048
GPU3,440,3,0.030363,1.126092
GPU3,440,4,0.040769,1.227623
GPU3,440,5,0.057327,1.289483
GPU3,440,6,0.041894,1.224892
GPU3,440,7,0.054478,1.213422
GPU3,440,8,0.050523,1.248128
GPU3,440,9,0.056091,1.239961
GPU3,440,10,0.030286,1.125607
GPU3,440,11,0.041037,1.205286
GPU3,440,12,0.053271,1.233985
GPU3,440,13,0.053319,1.236721
GPU3,440,14,0.054943,1.252815
GPU3,440,15,0.055443,1.265050
GPU3,440,16,0.052125,1.219859
GPU3,440,17,0.054082,1.268268
GPU3,440,18,0.038394,1.246096
GPU3,440,19,0.055460,1.235568
GPU3,440,20,0.054831,1.244321
GPU3,440,21,0.029739,1.140034
GPU3,440,22,0.053851,1.272874
GPU3,440,23,0.059343,1.284676
GPU3,440,24,0.056491,1.260892
GPU3,440,25,0.054088,1.234129
GPU3,440,26,0.054873,1.248060
GPU3,440,27,0.041805,1.263908
GPU3,440,28,0.033657,1.109803
GPU3,440,29,0.054990,1.242278
GPU3,440,30,0.058735,1.264359
GPU3,440,31,0.054734,1.311107
GPU3,440,32,0.049637,1.240504
GPU3,450,1,0.061394,1.304483
GPU3,450,2,0.058327,1.287081
GPU3,450,3,0.054922,1.264654
GPU3,450,4,0.057998,1.307168
GPU3,450,5,0.059610,1.346773
GPU3,450,6,0.054241,1.287282
GPU3,450,7,0.060758,1.305751
GPU3,450,8,0.053043,1.314896
GPU3,450,9,0.054207,1.282944
GPU3,450,10,0.055734,1.296325
GPU3,450,11,0.030242,1.181590
GPU3,450,12,0.053352,1.295286
GPU3,450,13,0.058018,1.317868
GPU3,450,14,0.054618,1.307428
GPU3,450,15,0.054679,1.277001
GPU3,450,16,0.059777,1.302326
GPU3,450,17,0.057282,1.296395
GPU3,450,18,0.053849,1.288765
GPU3,450,19,0.051567,1.316618
GPU3,450,20,0.057737,1.310722
GPU3,450,21,0.042312,1.284290
GPU3,450,22,0.043609,1.281380
GPU3,450,23,0.053762,1.292648
GPU3,450,24,0.055516,1.273779
GPU3,450,25,0.030322,1.176323
GPU3,450,26,0.030089,1.194881
GPU3,450,27,0.056393,1.308494
GPU3,450,28,0.055856,1.308921
GPU3,450,29,0.052181,1.389597
GPU3,450,30,0.060783,1.311910
GPU3,450,31,0.046218,1.305224
GPU3,450,32,0.061185,1.291149
GPU3,460,1,0.065775,1.394980
GPU3,460,2,0.058925,1.379109
GPU3,460,3,0.030489,1.216777
GPU3,460,4,0.054680,1.380187
GPU3,460,5,0.046419,1.355400
GPU3,460,6,0.055196,1.335822
GPU3,460,7,0.059669,1.354448
GPU3,460,8,0.055945,1.364501
GPU3,460,9,0.058244,1.346289
GPU3,460,10,0.040329,1.363662
GPU3,460,11,0.055313,1.374356
GPU3,460,12,0.055826,1.317216
GPU3,460,13,0.060738,1.377716
GPU3,460,14,0.058439,1.372275
GPU3,460,15,0.057560,1.353337
GPU3,460,16,0.055649,1.341201
GPU3,460,17,0.042562,1.361721
GPU3,460,18,0.063161,1.358301
GPU3,460,19,0.030963,1.220611
GPU3,460,20,0.032439,1.257722
GPU3,460,21,0.062362,1.352451
GPU3,460,22,0.054093,1.344987
GPU3,460,23,0.054949,1.324519
GPU3,460,24,0.064511,1.421756
GPU3,460,25,0.044253,1.343297
GPU3,460,26,0.056103,1.353473
GPU3,460,27,0.054547,1.362086
GPU3,460,28,0.055518,1.420416
GPU3,460,29,0.055378,1.351799
GPU3,460,30,0.047457,1.342773
GPU3,460,31,0.058413,1.369441
GPU3,460,32,0.045807,1.331805
GPU3,470,1,0.061235,1.388052
GPU3,470,2,0.052822,1.391385
GPU3,470,3,0.056171,1.425123
GPU3,470,4,0.043591,1.383030
GPU3,470,5,0.056129,1.433897
GPU3,470,6,0.051928,1.392516
GPU3,470,7,0.061815,1.433167
GPU3,470,8,0.060417,1.406657
GPU3,470,9,0.054718,1.375493
GPU3,470,10,0.055551,1.378874
GPU3,470,11,0.031890,1.395154
GPU3,470,12,0.031442,1.261673
GPU3,470,13,0.053416,1.402685
GPU3,470,14,0.055126,1.375625
GPU3,470,15,0.055561,1.412477
GPU3,470,16,0.064260,1.422402
GPU3,470,17,0.055907,1.391292
GPU3,470,18,0.054286,1.412591
GPU3,470,19,0.056636,1.382307
GPU3,470,20,0.052408,1.395292
GPU3,470,21,0.031482,1.306296
GPU3,470,22,0.062513,1.439853
GPU3,470,23,0.049196,1.397002
GPU3,470,24,0.065253,1.414765
GPU3,470,25,0.056407,1.413052
GPU3,470,26,0.060938,1.426295
GPU3,470,27,0.056782,1.401896
GPU3,470,28,0.059982,1.432503
GPU3,470,29,0.058736,1.428253
GPU3,470,30,0.058296,1.399188
GPU3,470,31,0.030814,1.266013
GPU3,470,32,0.053905,1.381576
GPU3,480,1,0.060479,1.462116
GPU3,480,2,0.056790,1.482131
GPU3,480,3,0.058459,1.436016
GPU3,480,4,0.040514,1.418319
GPU3,480,5,0.058131,1.479074
GPU3,480,6,0.053859,1.432384
GPU3,480,7,0.057892,1.425497
GPU3,480,8,0.055763,1.461569
GPU3,480,9,0.060434,1.508646
GPU3,480,10,0.063928,1.484624
GPU3,480,11,0.056787,1.470912
GPU3,480,12,0.056988,1.456140
GPU3,480,13,0.057007,1.446612
GPU3,480,14,0.056950,1.463652
GPU3,480,15,0.055422,1.463787
GPU3,480,16,0.059342,1.465809
GPU3,480,17,0.055020,1.427407
GPU3,480,18,0.055674,1.473824
GPU3,480,19,0.050159,1.439828
GPU3,480,20,0.063688,1.469208
GPU3,480,21,0.031683,1.331245
GPU3,480,22,0.055229,1.473487
GPU3,480,23,0.065617,1.491073
GPU3,480,24,0.061819,1.483605
GPU3,480,25,0.064420,1.516516
GPU3,480,26,0.055684,1.457374
GPU3,480,27,0.042864,1.444712
GPU3,480,28,0.062776,1.501593
GPU3,480,29,0.057215,1.459051
GPU3,480,30,0.034149,1.349506
GPU3,480,31,0.048491,1.410531
GPU3,480,32,0.061911,1.496899
GPU3,490,1,0.062448,1.515203
GPU3,490,2,0.039353,1.416386
GPU3,490,3,0.057589,1.498831
GPU3,490,4,0.043808,1.534704
GPU3,490,5,0.064136,1.560059
GPU3,490,6,0.037375,1.509604
GPU3,490,7,0.050059,1.479023
GPU3,490,8,0.056553,1.507935
GPU3,490,9,0.058005,1.483217
GPU3,490,10,0.065509,1.514595
GPU3,490,11,0.046452,1.482613
GPU3,490,12,0.061481,1.507615
GPU3,490,13,0.055248,1.499908
GPU3,490,14,0.048361,1.524964
GPU3,490,15,0.065297,1.550910
GPU3,490,16,0.061007,1.502200
GPU3,490,17,0.058166,1.668209
GPU3,490,18,0.068660,1.588304
GPU3,490,19,0.032447,1.405361
GPU3,490,20,0.058347,1.550894
GPU3,490,21,0.055747,1.505543
GPU3,490,22,0.058054,1.499356
GPU3,490,23,0.061479,1.507846
GPU3,490,24,0.057990,1.497974
GPU3,490,25,0.033898,1.486074
GPU3,490,26,0.056495,1.506530
GPU3,490,27,0.060558,1.540082
GPU3,490,28,0.062567,1.500924
GPU3,490,29,0.059943,1.507957
GPU3,490,30,0.067308,1.556424
GPU3,490,31,0.057171,1.506282
GPU3,490,32,0.058168,1.512903
GPU3,500,1,0.032198,1.465004
GPU3,500,2,0.062908,1.577462
GPU3,500,3,0.037904,1.683167
GPU3,500,4,0.040865,1.459911
GPU3,500,5,0.033841,1.453554
GPU3,500,6,0.057501,1.570549
GPU3,500,7,0.046172,1.580487
GPU3,500,8,0.049224,1.633540
GPU3,500,9,0.062779,1.618833
GPU3,500,10,0.059290,1.575277
GPU3,500,11,0.063089,1.548553
GPU3,500,12,0.057498,1.562372
GPU3,500,13,0.043342,1.568693
GPU3,500,14,0.056342,1.536350
GPU3,500,15,0.032063,1.463757
GPU3,500,16,0.058828,1.575466
GPU3,500,17,0.059431,1.572911
GPU3,500,18,0.054623,1.563469
GPU3,500,19,0.055348,1.580256
GPU3,500,20,0.062244,1.567261
GPU3,500,21,0.057995,1.580755
GPU3,500,22,0.062995,1.625024
GPU3,500,23,0.059535,1.574234
GPU3,500,24,0.054382,1.582996
GPU3,500,25,0.060200,1.535942
GPU3,500,26,0.057112,1.645372
GPU3,500,27,0.064107,1.596148
GPU3,500,28,0.055235,1.557799
GPU3,500,29,0.055233,1.592696
GPU3,500,30,0.056061,1.581194
GPU3,500,31,0.057769,1.577973
GPU3,500,32,0.033296,1.447334
GPU3,510,1,0.059031,1.647323
GPU3,510,2,0.032096,1.516708
GPU3,510,3,0.053791,1.628765
GPU3,510,4,0.061414,1.637156
GPU3,510,5,0.046637,1.593572
GPU3,510,6,0.059891,1.601358
GPU3,510,7,0.042255,1.579856
GPU3,510,8,0.061171,1.630132
GPU3,510,9,0.057922,1.613907
GPU3,510,10,0.065354,1.632376
GPU3,510,11,0.042179,1.563288
GPU3,510,12,0.048324,1.600906
GPU3,510,13,0.059072,1.656954
GPU3,510,14,0.057555,1.630611
GPU3,510,15,0.055574,1.623971
GPU3,510,16,0.059268,1.622946
GPU3,510,17,0.060282,1.648502
GPU3,510,18,0.066607,1.683783
GPU3,510,19,0.034068,1.514079
GPU3,510,20,0.062249,1.638745
GPU3,510,21,0.047755,1.601954
GPU3,510,22,0.057853,1.611848
GPU3,510,23,0.059102,1.632458
GPU3,510,24,0.050301,1.610156
GPU3,510,25,0.058573,1.593251
GPU3,510,26,0.065587,1.639034
GPU3,510,27,0.055940,1.623658
GPU3,510,28,0.045819,1.627197
GPU3,510,29,0.069509,1.652079
GPU3,510,30,0.034758,1.517127
GPU3,510,31,0.065733,1.677738
GPU3,510,32,0.047451,1.573847
GPU3,520,1,0.065776,1.687492
GPU3,520,2,0.063374,1.705553
GPU3,520,3,0.054660,1.703200
GPU3,520,4,0.062759,1.730984
GPU3,520,5,0.058038,1.705805
GPU3,520,6,0.065128,1.696436
GPU3,520,7,0.057941,1.755597
GPU3,520,8,0.059681,1.646704
GPU3,520,9,0.063891,1.708907
GPU3,520,10,0.048583,1.703110
GPU3,520,11,0.056959,1.666249
GPU3,520,12,0.062251,1.692053
GPU3,520,13,0.062034,1.687694
GPU3,520,14,0.067406,1.737450
GPU3,520,15,0.061694,1.702253
GPU3,520,16,0.033478,1.588869
GPU3,520,17,0.056796,1.717562
GPU3,520,18,0.070135,1.731882
GPU3,520,19,0.037646,1.690806
GPU3,520,20,0.058571,1.697564
GPU3,520,21,0.057852,1.678933
GPU3,520,22,0.059176,1.737791
GPU3,520,23,0.060888,1.741890
GPU3,520,24,0.057545,1.631057
GPU3,520,25,0.042175,1.664901
GPU3,520,26,0.056257,1.713161
GPU3,520,27,0.058620,1.673563
GPU3,520,28,0.056020,1.847381
GPU3,520,29,0.065730,1.780848
GPU3,520,30,0.059523,1.699707
GPU3,520,31,0.059268,1.707861
GPU3,520,32,0.059435,1.684956
GPU3,530,1,0.046434,1.724779
GPU3,530,2,0.060228,1.714227
GPU3,530,3,0.059003,1.737107
GPU3,530,4,0.059428,1.728934
GPU3,530,5,0.060912,1.781060
GPU3,530,6,0.059183,1.752191
GPU3,530,7,0.062085,1.761032
GPU3,530,8,0.054845,1.778119
GPU3,530,9,0.033869,1.660755
GPU3,530,10,0.059296,1.768236
GPU3,530,11,0.061883,1.792148
GPU3,530,12,0.058484,1.766741
GPU3,530,13,0.064533,1.774281
GPU3,530,14,0.064135,1.748584
GPU3,530,15,0.060706,1.777341
GPU3,530,16,0.039958,1.723823
GPU3,530,17,0.067533,1.772350
GPU3,530,18,0.046065,1.721289
GPU3,530,19,0.062271,1.765823
GPU3,530,20,0.063184,1.767647
GPU3,530,21,0.063746,1.772790
GPU3,530,22,0.053062,1.744441
GPU3,530,23,0.058465,1.738928
GPU3,530,24,0.059438,1.799056
GPU3,530,25,0.034888,1.628473
GPU3,530,26,0.036951,1.623788
GPU3,530,27,0.063309,1.727004
GPU3,530,28,0.064989,1.771776
GPU3,530,29,0.057015,1.705748
GPU3,530,30,0.059410,1.737773
GPU3,530,31,0.057006,1.746060
GPU3,530,32,0.063273,1.766408
GPU3,540,1,0.051518,1.770262
GPU3,540,2,0.060411,1.862973
GPU3,540,3,0.052542,1.781160
GPU3,540,4,0.047295,1.813651
GPU3,540,5,0.070465,1.787772
GPU3,540,6,0.050507,1.781707
GPU3,540,7,0.058699,1.793789
GPU3,540,8,0.064203,1.865553
GPU3,540,9,0.065285,1.825890
GPU3,540,10,0.057110,1.856735
GPU3,540,11,0.062869,1.811949
GPU3,540,12,0.062419,1.783303
GPU3,540,13,0.055185,1.791859
GPU3,540,14,0.066188,1.801105
GPU3,540,15,0.046621,1.791636
GPU3,540,16,0.066400,1.868182
GPU3,540,17,0.063012,1.866726
GPU3,540,18,0.060165,1.805981
GPU3,540,19,0.035011,1.732098
GPU3,540,20,0.065911,1.837829
GPU3,540,21,0.063580,1.786236
GPU3,540,22,0.064610,1.852258
GPU3,540,23,0.058293,1.788540
GPU3,540,24,0.068394,1.823659
GPU3,540,25,0.052135,1.833562
GPU3,540,26,0.062726,1.796689
GPU3,540,27,0.061413,1.840679
GPU3,540,28,0.060605,1.810579
GPU3,540,29,0.066464,1.799895
GPU3,540,30,0.064969,1.772065
GPU3,540,31,0.058319,1.793321
GPU3,540,32,0.059715,1.777965
GPU3,550,1,0.058927,1.891112
GPU3,550,2,0.059848,1.891322
GPU3,550,3,0.064024,1.856762
GPU3,550,4,0.059761,1.861954
GPU3,550,5,0.051214,1.837294
GPU3,550,6,0.047258,1.895655
GPU3,550,7,0.055670,1.861036
GPU3,550,8,0.047707,1.870049
GPU3,550,9,0.033963,1.700584
GPU3,550,10,0.060140,1.860532
GPU3,550,11,0.050677,1.900743
GPU3,550,12,0.060188,1.893272
GPU3,550,13,0.066557,1.904589
GPU3,550,14,0.048981,1.819426
GPU3,550,15,0.041614,1.857878
GPU3,550,16,0.051060,1.876166
GPU3,550,17,0.060860,1.870684
GPU3,550,18,0.049700,1.852568
GPU3,550,19,0.041141,1.900292
GPU3,550,20,0.033978,1.755624
GPU3,550,21,0.049185,1.900130
GPU3,550,22,0.066163,1.912824
GPU3,550,23,0.060118,1.872217
GPU3,550,24,0.042363,1.834563
GPU3,550,25,0.052244,1.847203
GPU3,550,26,0.060935,1.851723
GPU3,550,27,0.059744,1.854746
GPU3,550,28,0.063049,1.869466
GPU3,550,29,0.061100,1.848760
GPU3,550,30,0.061279,1.897943
GPU3,550,31,0.068208,1.893800
GPU3,550,32,0.058138,1.855357
GPU3,560,1,0.053421,1.903465
GPU3,560,2,0.066306,1.977769
GPU3,560,3,0.062216,1.951367
GPU3,560,4,0.034276,1.822809
GPU3,560,5,0.054694,1.951058
GPU3,560,6,0.048023,1.920027
GPU3,560,7,0.034198,1.845431
GPU3,560,8,0.046283,1.944998
GPU3,560,9,0.049083,1.871953
GPU3,560,10,0.059426,1.913037
GPU3,560,11,0.059203,1.929568
GPU3,560,12,0.069743,1.982575
GPU3,560,13,0.075634,1.999446
GPU3,560,14,0.069939,1.971367
GPU3,560,15,0.059682,1.941237
GPU3,560,16,0.041603,1.796351
GPU3,560,17,0.060432,1.939368
GPU3,560,18,0.067349,1.948132
GPU3,560,19,0.058563,1.907919
GPU3,560,20,0.062862,1.939574
GPU3,560,21,0.058005,1.929380
GPU3,560,22,0.064642,1.947917
GPU3,560,23,0.042721,1.899688
GPU3,560,24,0.054296,1.930790
GPU3,560,25,0.061865,1.889689
GPU3,560,26,0.034895,1.822636
GPU3,560,27,0.064300,1.879532
GPU3,560,28,0.051742,1.914774
GPU3,560,29,0.064959,1.942974
GPU3,560,30,0.060077,1.887603
GPU3,560,31,0.066176,1.957579
GPU3,560,32,0.064953,1.946957
GPU3,570,1,0.051002,2.008691
GPU3,570,2,0.068678,1.993384
GPU3,570,3,0.061853,1.968455
GPU3,570,4,0.069249,2.027035
GPU3,570,5,0.048313,1.922511
GPU3,570,6,0.059372,1.975522
GPU3,570,7,0.067466,2.007863
GPU3,570,8,0.064137,2.033735
GPU3,570,9,0.065891,2.078791
GPU3,570,10,0.066214,1.998249
GPU3,570,11,0.069504,2.049786
GPU3,570,12,0.050588,1.977371
GPU3,570,13,0.035117,1.854955
GPU3,570,14,0.061220,1.955487
GPU3,570,15,0.052181,2.004811
GPU3,570,16,0.063580,1.986208
GPU3,570,17,0.064306,2.006283
GPU3,570,18,0.065955,1.987402
GPU3,570,19,0.066022,2.010796
GPU3,570,20,0.068160,2.115556
GPU3,570,21,0.048162,1.968024
GPU3,570,22,0.061427,1.982826
GPU3,570,23,0.050511,1.964662
GPU3,570,24,0.061466,1.995533
GPU3,570,25,0.067545,2.004867
GPU3,570,26,0.062490,1.997534
GPU3,570,27,0.062756,1.962754
GPU3,570,28,0.058950,2.012911
GPU3,570,29,0.063840,2.010362
GPU3,570,30,0.066964,1.969984
GPU3,570,31,0.062628,2.002371
GPU3,570,32,0.069694,2.016429
GPU3,580,1,0.061979,2.045778
GPU3,580,2,0.063113,2.084323
GPU3,580,3,0.062614,1.990630
GPU3,580,4,0.063805,2.038386
GPU3,580,5,0.045851,2.006096
GPU3,580,6,0.061987,2.055248
GPU3,580,7,0.063430,2.034738
GPU3,580,8,0.058364,2.033244
GPU3,580,9,0.062809,2.088781
GPU3,580,10,0.056382,2.045220
GPU3,580,11,0.043254,2.043285
GPU3,580,12,0.067175,2.076080
GPU3,580,13,0.060910,2.090615
GPU3,580,14,0.044773,2.023397
GPU3,580,15,0.034900,1.896231
GPU3,580,16,0.052097,1.986864
GPU3,580,17,0.059352,2.054568
GPU3,580,18,0.061071,2.046128
GPU3,580,19,0.062038,2.044548
GPU3,580,20,0.063461,2.049781
GPU3,580,21,0.069145,2.065206
GPU3,580,22,0.055732,2.166467
GPU3,580,23,0.075109,2.092129
GPU3,580,24,0.065184,2.061103
GPU3,580,25,0.069482,2.081465
GPU3,580,26,0.062195,2.039256
GPU3,580,27,0.067076,2.052587
GPU3,580,28,0.059396,2.060354
GPU3,580,29,0.065880,2.025032
GPU3,580,30,0.061416,2.045252
GPU3,580,31,0.063302,2.099486
GPU3,580,32,0.064407,2.159576
GPU3,590,1,0.066578,2.168125
GPU3,590,2,0.065269,2.088633
GPU3,590,3,0.061828,2.120999
GPU3,590,4,0.069909,2.185200
GPU3,590,5,0.072662,2.126920
GPU3,590,6,0.063702,2.137777
GPU3,590,7,0.061924,2.153578
GPU3,590,8,0.064548,2.111459
GPU3,590,9,0.063131,2.118047
GPU3,590,10,0.062690,2.186220
GPU3,590,11,0.062645,2.129581
GPU3,590,12,0.066995,2.137098
GPU3,590,13,0.063652,2.179341
GPU3,590,14,0.046051,2.051421
GPU3,590,15,0.070102,2.119316
GPU3,590,16,0.061962,2.057777
GPU3,590,17,0.063439,2.194490
GPU3,590,18,0.062498,2.135301
GPU3,590,19,0.069238,2.178106
GPU3,590,20,0.062633,2.105428
GPU3,590,21,0.065456,2.176364
GPU3,590,22,0.062578,2.131867
GPU3,590,23,0.046572,2.049718
GPU3,590,24,0.073970,2.180524
GPU3,590,25,0.067179,2.112829
GPU3,590,26,0.051626,2.123723
GPU3,590,27,0.055808,2.123137
GPU3,590,28,0.063149,2.110805
GPU3,590,29,0.064699,2.117676
GPU3,590,30,0.065052,2.122827
GPU3,590,31,0.060682,2.124341
GPU3,590,32,0.063937,2.119109
GPU3,600,1,0.052815,2.128605
GPU3,600,2,0.064594,2.184560
GPU3,600,3,0.051369,2.148560
GPU3,600,4,0.067880,2.165291
GPU3,600,5,0.050421,2.246196
GPU3,600,6,0.064523,2.150340
GPU3,600,7,0.064026,2.183492
GPU3,600,8,0.067614,2.207586
GPU3,600,9,0.068495,2.207861
GPU3,600,10,0.063788,2.215056
GPU3,600,11,0.073935,2.200183
GPU3,600,12,0.048966,2.145565
GPU3,600,13,0.066192,2.184058
GPU3,600,14,0.068880,2.244388
GPU3,600,15,0.052654,2.188411
GPU3,600,16,0.068548,2.165346
GPU3,600,17,0.064607,2.207603
GPU3,600,18,0.063505,2.175668
GPU3,600,19,0.063893,2.223523
GPU3,600,20,0.063564,2.250241
GPU3,600,21,0.062255,2.233507
GPU3,600,22,0.062530,2.191379
GPU3,600,23,0.067587,2.204353
GPU3,600,24,0.064942,2.162419
GPU3,600,25,0.068080,2.187643
GPU3,600,26,0.061374,2.173337
GPU3,600,27,0.077092,2.149900
GPU3,600,28,0.061809,2.129393
GPU3,600,29,0.063286,2.268576
GPU3,600,30,0.036752,2.190176
GPU3,600,31,0.067831,2.207378
GPU3,600,32,0.065417,2.155904
GPU3,610,1,0.065051,2.278738
GPU3,610,2,0.067494,2.268555
GPU3,610,3,0.063613,2.309217
GPU3,610,4,0.036869,2.145845
GPU3,610,5,0.046761,2.213820
GPU3,610,6,0.065569,2.290187
GPU3,610,7,0.064278,2.271246
GPU3,610,8,0.054285,2.243776
GPU3,610,9,0.063469,2.246631
GPU3,610,10,0.064852,2.316038
GPU3,610,11,0.069020,2.293038
GPU3,610,12,0.065230,2.229246
GPU3,610,13,0.065445,2.239103
GPU3,610,14,0.048483,2.218742
GPU3,610,15,0.065763,2.347810
GPU3,610,16,0.062527,2.286655
GPU3,610,17,0.048588,2.282660
GPU3,610,18,0.040711,2.181088
GPU3,610,19,0.057286,2.221264
GPU3,610,20,0.065054,2.268355
GPU3,610,21,0.067666,2.283243
GPU3,610,22,0.072484,2.281990
GPU3,610,23,0.059721,2.267844
GPU3,610,24,0.047124,2.340949
GPU3,610,25,0.060609,2.189325
GPU3,610,26,0.062854,2.297454
GPU3,610,27,0.068334,2.313751
GPU3,610,28,0.066238,2.267245
GPU3,610,29,0.064634,2.202461
GPU3,610,30,0.036049,2.158659
GPU3,610,31,0.070685,2.271096
GPU3,610,32,0.060703,2.242113
GPU3,620,1,0.068257,2.302978
GPU3,620,2,0.036842,2.270852
GPU3,620,3,0.064435,2.320649
GPU3,620,4,0.049438,2.348068
GPU3,620,5,0.066013,2.356767
GPU3,620,6,0.073379,2.381169
GPU3,620,7,0.063023,2.362545
GPU3,620,8,0.073670,2.353813
GPU3,620,9,0.074898,2.362472
GPU3,620,10,0.069313,2.302524
GPU3,620,11,0.078101,2.387196
GPU3,620,12,0.063484,2.344318
GPU3,620,13,0.048688,2.252482
GPU3,620,14,0.081735,2.392888
GPU3,620,15,0.068767,2.367874
GPU3,620,16,0.070387,2.365841
GPU3,620,17,0.068304,2.300119
GPU3,620,18,0.067457,2.382382
GPU3,620,19,0.071330,2.376401
GPU3,620,20,0.075746,2.363846
GPU3,620,21,0.064049,2.309840
GPU3,620,22,0.036562,2.188169
GPU3,620,23,0.066264,2.302994
GPU3,620,24,0.075824,2.391167
GPU3,620,25,0.065540,2.324599
GPU3,620,26,0.065900,2.349074
GPU3,620,27,0.068035,2.386158
GPU3,620,28,0.065042,2.271228
GPU3,620,29,0.066150,2.310679
GPU3,620,30,0.061584,2.369920
GPU3,620,31,0.050658,2.290234
GPU3,620,32,0.036689,2.219177
GPU3,630,1,0.068746,2.491035
GPU3,630,2,0.072497,2.481045
GPU3,630,3,0.073692,2.458234
GPU3,630,4,0.065962,2.437068
GPU3,630,5,0.054106,2.397517
GPU3,630,6,0.066802,2.386239
GPU3,630,7,0.054802,2.431246
GPU3,630,8,0.064653,2.524153
GPU3,630,9,0.067276,2.401809
GPU3,630,10,0.048519,2.440997
GPU3,630,11,0.054466,2.426733
GPU3,630,12,0.103868,2.402242
GPU3,630,13,0.065938,2.416752
GPU3,630,14,0.079199,2.429063
GPU3,630,15,0.068091,2.400256
GPU3,630,16,0.073417,2.407675
GPU3,630,17,0.055329,2.438338
GPU3,630,18,0.037930,2.306760
GPU3,630,19,0.066960,2.376616
GPU3,630,20,0.056754,2.419738
GPU3,630,21,0.055977,2.391962
GPU3,630,22,0.068211,2.456844
GPU3,630,23,0.065828,2.466511
GPU3,630,24,0.062321,2.395564
GPU3,630,25,0.070641,2.416488
GPU3,630,26,0.038720,2.314785
GPU3,630,27,0.062698,2.381567
GPU3,630,28,0.069243,2.403831
GPU3,630,29,0.065651,2.390441
GPU3,630,30,0.065066,2.361264
GPU3,630,31,0.067932,2.376390
GPU3,630,32,0.073977,2.449385
GPU3,640,1,0.040160,2.402582
GPU3,640,2,0.072671,2.544048
GPU3,640,3,0.068056,2.463221
GPU3,640,4,0.068966,2.538303
GPU3,640,5,0.060232,2.444968
GPU3,640,6,0.050305,2.480637
GPU3,640,7,0.067805,2.527992
GPU3,640,8,0.073531,2.532118
GPU3,640,9,0.054635,2.424598
GPU3,640,10,0.066032,2.430029
GPU3,640,11,0.065074,2.538230
GPU3,640,12,0.062811,2.498079
GPU3,640,13,0.052397,2.437321
GPU3,640,14,0.069243,2.398404
GPU3,640,15,0.066526,2.490108
GPU3,640,16,0.067515,2.492324
GPU3,640,17,0.051524,2.506678
GPU3,640,18,0.066737,2.475023
GPU3,640,19,0.073696,2.543826
GPU3,640,20,0.066613,2.470189
GPU3,640,21,0.072200,2.509680
GPU3,640,22,0.076109,2.464436
GPU3,640,23,0.049815,2.495688
GPU3,640,24,0.070797,2.479407
GPU3,640,25,0.092776,2.438813
GPU3,640,26,0.078293,2.478335
GPU3,640,27,0.069548,2.535427
GPU3,640,28,0.066119,2.486267
GPU3,640,29,0.047956,2.464700
GPU3,640,30,0.070740,2.442521
GPU3,640,31,0.058852,2.450984
GPU3,640,32,0.063768,2.462803
GPU3,650,1,0.071605,2.574719
GPU3,650,2,0.059774,2.515747
GPU3,650,3,0.080487,2.623974
GPU3,650,4,0.048599,2.533593
GPU3,650,5,0.068555,2.560093
GPU3,650,6,0.078964,2.536037
GPU3,650,7,0.069314,2.626711
GPU3,650,8,0.059228,2.616482
GPU3,650,9,0.080481,2.587224
GPU3,650,10,0.068899,2.565785
GPU3,650,11,0.038627,2.445200
GPU3,650,12,0.074491,2.548957
GPU3,650,13,0.079714,2.549452
GPU3,650,14,0.069989,2.550827
GPU3,650,15,0.070120,2.585099
GPU3,650,16,0.069419,2.539484
GPU3,650,17,0.068495,2.494902
GPU3,650,18,0.068235,2.564084
GPU3,650,19,0.074671,2.634113
GPU3,650,20,0.075437,2.550926
GPU3,650,21,0.049084,2.558328
GPU3,650,22,0.077210,2.616284
GPU3,650,23,0.072704,2.528060
GPU3,650,24,0.077559,2.572032
GPU3,650,25,0.053545,2.515933
GPU3,650,26,0.075991,2.536221
GPU3,650,27,0.066304,2.566352
GPU3,650,28,0.074961,2.584949
GPU3,650,29,0.074640,2.583516
GPU3,650,30,0.070601,2.604401
GPU3,650,31,0.065109,2.603922
GPU3,650,32,0.066530,2.632116
GPU3,660,1,0.067196,2.607165
GPU3,660,2,0.069253,2.669681
GPU3,660,3,0.060240,2.622731
GPU3,660,4,0.041763,2.491351
GPU3,660,5,0.073389,2.611967
GPU3,660,6,0.061375,2.593296
GPU3,660,7,0.069060,2.588568
GPU3,660,8,0.071924,2.706343
GPU3,660,9,0.076444,2.694136
GPU3,660,10,0.068510,2.621161
GPU3,660,11,0.073406,2.643292
GPU3,660,12,0.064927,2.621146
GPU3,660,13,0.067382,2.619977
GPU3,660,14,0.061656,2.635031
GPU3,660,15,0.068237,2.590984
GPU3,660,16,0.074050,2.663911
GPU3,660,17,0.068407,2.657571
GPU3,660,18,0.077039,2.638009
GPU3,660,19,0.058814,2.649479
GPU3,660,20,0.039095,2.553150
GPU3,660,21,0.044689,2.573797
GPU3,660,22,0.073033,2.640218
GPU3,660,23,0.076213,2.615006
GPU3,660,24,0.055788,2.609491
GPU3,660,25,0.077652,2.655516
GPU3,660,26,0.074499,2.656558
GPU3,660,27,0.068748,2.665890
GPU3,660,28,0.071328,2.638030
GPU3,660,29,0.057238,2.615420
GPU3,660,30,0.071451,2.642408
GPU3,660,31,0.066626,2.650238
GPU3,660,32,0.056699,2.656784
GPU3,670,1,0.074087,2.801933
GPU3,670,2,0.075622,2.693151
GPU3,670,3,0.079281,2.805023
GPU3,670,4,0.069679,2.815646
GPU3,670,5,0.078101,2.762565
GPU3,670,6,0.072597,2.706506
GPU3,670,7,0.061761,2.695310
GPU3,670,8,0.049280,2.645837
GPU3,670,9,0.059246,2.697700
GPU3,670,10,0.076047,2.803445
GPU3,670,11,0.065251,2.715681
GPU3,670,12,0.069851,2.768601
GPU3,670,13,0.078824,2.692106
GPU3,670,14,0.086894,2.763236
GPU3,670,15,0.077600,2.671134
GPU3,670,16,0.080464,2.753205
GPU3,670,17,0.090093,2.706191
GPU3,670,18,0.069759,2.686153
GPU3,670,19,0.067895,2.712757
GPU3,670,20,0.069597,2.762761
GPU3,670,21,0.064936,2.706440
GPU3,670,22,0.062553,2.700792
GPU3,670,23,0.069471,2.690753
GPU3,670,24,0.053357,2.678461
GPU3,670,25,0.071467,2.624041
GPU3,670,26,0.075677,2.755141
GPU3,670,27,0.057695,2.731861
GPU3,670,28,0.074137,2.741330
GPU3,670,29,0.054411,2.696763
GPU3,670,30,0.055217,2.703682
GPU3,670,31,0.069966,2.709542
GPU3,670,32,0.058638,2.639672
GPU3,680,1,0.055918,2.995009
GPU3,680,2,0.061130,2.762434
GPU3,680,3,0.070937,2.789991
GPU3,680,4,0.058702,2.805100
GPU3,680,5,0.070834,2.770623
GPU3,680,6,0.079913,2.889848
GPU3,680,7,0.071976,2.755149
GPU3,680,8,0.072160,2.727670
GPU3,680,9,0.055784,2.757456
GPU3,680,10,0.070446,2.847891
GPU3,680,11,0.052482,2.792386
GPU3,680,12,0.064273,2.780048
GPU3,680,13,0.052407,2.783217
GPU3,680,14,0.061212,2.841109
GPU3,680,15,0.077785,2.864852
GPU3,680,16,0.073623,2.819663
GPU3,680,17,0.053622,2.805812
GPU3,680,18,0.070537,2.783432
GPU3,680,19,0.085443,2.850213
GPU3,680,20,0.080535,2.750086
GPU3,680,21,0.069666,2.821343
GPU3,680,22,0.062819,2.761798
GPU3,680,23,0.077353,2.773667
GPU3,680,24,0.067322,2.790750
GPU3,680,25,0.074103,2.793158
GPU3,680,26,0.059342,2.794219
GPU3,680,27,0.081198,2.825677
GPU3,680,28,0.070712,2.795177
GPU3,680,29,0.078510,2.807614
GPU3,680,30,0.050741,2.760033
GPU3,680,31,0.058466,2.734593
GPU3,680,32,0.056925,2.764355
GPU3,690,1,0.078469,2.923108
GPU3,690,2,0.071873,2.883784
GPU3,690,3,0.077362,2.876056
GPU3,690,4,0.051144,2.759978
GPU3,690,5,0.077682,2.894179
GPU3,690,6,0.049125,2.855271
GPU3,690,7,0.071357,2.865345
GPU3,690,8,0.079921,2.935721
GPU3,690,9,0.075533,2.839523
GPU3,690,10,0.069531,2.831573
GPU3,690,11,0.077280,2.877559
GPU3,690,12,0.080638,2.950936
GPU3,690,13,0.075914,2.858146
GPU3,690,14,0.082208,2.964479
GPU3,690,15,0.073152,2.870392
GPU3,690,16,0.051395,2.880528
GPU3,690,17,0.075824,2.922591
GPU3,690,18,0.071517,2.869337
GPU3,690,19,0.071836,2.817485
GPU3,690,20,0.074270,2.859879
GPU3,690,21,0.078740,2.959903
GPU3,690,22,0.080679,2.868994
GPU3,690,23,0.073853,2.921795
GPU3,690,24,0.069426,2.857834
GPU3,690,25,0.071678,2.869840
GPU3,690,26,0.059991,2.903542
GPU3,690,27,0.077266,2.875998
GPU3,690,28,0.055146,2.779913
GPU3,690,29,0.078549,2.887287
GPU3,690,30,0.061642,2.908381
GPU3,690,31,0.071124,2.862191
GPU3,690,32,0.062086,2.851762
GPU3,700,1,0.070721,2.881815
GPU3,700,2,0.053621,2.924234
GPU3,700,3,0.055995,2.969474
GPU3,700,4,0.055326,2.920685
GPU3,700,5,0.078884,3.007622
GPU3,700,6,0.079605,2.992939
GPU3,700,7,0.074179,2.956386
GPU3,700,8,0.057471,2.913864
GPU3,700,9,0.079959,2.952959
GPU3,700,10,0.063401,2.999390
GPU3,700,11,0.073289,2.921291
GPU3,700,12,0.049715,2.853745
GPU3,700,13,0.079285,2.894719
GPU3,700,14,0.059637,2.991614
GPU3,700,15,0.068294,2.985638
GPU3,700,16,0.064563,2.984592
GPU3,700,17,0.070396,2.931931
GPU3,700,18,0.071971,2.997094
GPU3,700,19,0.041657,2.793325
GPU3,700,20,0.056216,2.925303
GPU3,700,21,0.079868,2.999041
GPU3,700,22,0.076585,2.948772
GPU3,700,23,0.076924,2.902664
GPU3,700,24,0.073824,2.901815
GPU3,700,25,0.085727,3.006155
GPU3,700,26,0.073425,2.960000
GPU3,700,27,0.078731,2.947216
GPU3,700,28,0.062229,2.947060
GPU3,700,29,0.046824,2.762964
GPU3,700,30,0.060276,2.958469
GPU3,700,31,0.051108,2.799799
GPU3,700,32,0.076188,2.998987
GPU3,710,1,0.083587,3.007249
GPU3,710,2,0.073583,2.967333
GPU3,710,3,0.080176,3.036925
GPU3,710,4,0.080872,3.071502
GPU3,710,5,0.058619,3.011206
GPU3,710,6,0.073660,3.048696
GPU3,710,7,0.042681,2.875832
GPU3,710,8,0.047796,2.903915
GPU3,710,9,0.061563,3.138356
GPU3,710,10,0.073215,2.980046
GPU3,710,11,0.074119,2.945742
GPU3,710,12,0.069831,3.017577
GPU3,710,13,0.060799,3.060841
GPU3,710,14,0.072629,3.076946
GPU3,710,15,0.072980,2.967327
GPU3,710,16,0.077439,3.069008
GPU3,710,17,0.063331,3.189656
GPU3,710,18,0.073695,3.019696
GPU3,710,19,0.072735,3.041141
GPU3,710,20,0.076032,2.993374
GPU3,710,21,0.073721,3.108486
GPU3,710,22,0.071721,2.989784
GPU3,710,23,0.082356,3.125753
GPU3,710,24,0.085141,3.034296
GPU3,710,25,0.071730,3.027264
GPU3,710,26,0.080639,3.024803
GPU3,710,27,0.064815,3.080573
GPU3,710,28,0.071778,3.014818
GPU3,710,29,0.063202,2.985679
GPU3,710,30,0.062850,3.062273
GPU3,710,31,0.073892,3.046843
GPU3,710,32,0.073343,3.033761
GPU3,720,1,0.082759,3.213693
GPU3,720,2,0.084057,3.090155
GPU3,720,3,0.056074,3.118692
GPU3,720,4,0.078290,3.121180
GPU3,720,5,0.073548,3.164812
GPU3,720,6,0.045061,2.988941
GPU3,720,7,0.060718,3.114081
GPU3,720,8,0.074100,3.087872
GPU3,720,9,0.072883,3.077983
GPU3,720,10,0.059960,3.051930
GPU3,720,11,0.080067,3.092997
GPU3,720,12,0.081508,3.164199
GPU3,720,13,0.058450,2.990840
GPU3,720,14,0.079971,3.127658
GPU3,720,15,0.055985,3.009950
GPU3,720,16,0.062373,3.118706
GPU3,720,17,0.041936,2.976848
GPU3,720,18,0.073309,3.065459
GPU3,720,19,0.060258,3.109708
GPU3,720,20,0.079042,3.137555
GPU3,720,21,0.074779,3.101131
GPU3,720,22,0.079072,3.191716
GPU3,720,23,0.087261,3.169894
GPU3,720,24,0.072989,3.016003
GPU3,720,25,0.073136,3.136638
GPU3,720,26,0.070836,3.049067
GPU3,720,27,0.074722,3.133549
GPU3,720,28,0.059385,3.070365
GPU3,720,29,0.093674,3.198668
GPU3,720,30,0.085267,3.157714
GPU3,720,31,0.074130,3.312889
GPU3,720,32,0.083929,3.035584
GPU3,730,1,0.076808,3.180286
GPU3,730,2,0.080984,3.257416
GPU3,730,3,0.057197,3.223219
GPU3,730,4,0.057175,3.199888
GPU3,730,5,0.058906,3.208754
GPU3,730,6,0.081865,3.211742
GPU3,730,7,0.060324,3.107627
GPU3,730,8,0.081930,3.214822
GPU3,730,9,0.071169,3.145715
GPU3,730,10,0.072980,3.241510
GPU3,730,11,0.061919,3.187528
GPU3,730,12,0.067810,3.146269
GPU3,730,13,0.042261,3.025333
GPU3,730,14,0.050554,3.063530
GPU3,730,15,0.078401,3.164782
GPU3,730,16,0.084477,3.263244
GPU3,730,17,0.071868,3.115076
GPU3,730,18,0.074535,3.106193
GPU3,730,19,0.064841,3.249002
GPU3,730,20,0.071093,3.389120
GPU3,730,21,0.087697,3.260792
GPU3,730,22,0.070452,3.106683
GPU3,730,23,0.074879,3.197810
GPU3,730,24,0.073133,3.158891
GPU3,730,25,0.080590,3.209488
GPU3,730,26,0.063821,3.110178
GPU3,730,27,0.072324,3.218392
GPU3,730,28,0.043373,3.081552
GPU3,730,29,0.074157,3.201871
GPU3,730,30,0.075033,3.161409
GPU3,730,31,0.060136,3.205697
GPU3,730,32,0.075465,3.230671
GPU3,740,1,0.077992,3.254515
GPU3,740,2,0.077698,3.337780
GPU3,740,3,0.044133,3.250201
GPU3,740,4,0.085313,3.352703
GPU3,740,5,0.081870,3.248560
GPU3,740,6,0.084073,3.226906
GPU3,740,7,0.074739,3.263130
GPU3,740,8,0.064996,3.307539
GPU3,740,9,0.083570,3.318166
GPU3,740,10,0.073480,3.369320
GPU3,740,11,0.077377,3.379268
GPU3,740,12,0.057115,3.298123
GPU3,740,13,0.045988,3.158628
GPU3,740,14,0.064883,3.172757
GPU3,740,15,0.076481,3.176287
GPU3,740,16,0.057530,3.238005
GPU3,740,17,0.061922,3.291495
GPU3,740,18,0.075414,3.179356
GPU3,740,19,0.074953,3.299489
GPU3,740,20,0.080685,3.267435
GPU3,740,21,0.072712,3.304839
GPU3,740,22,0.044019,3.169785
GPU3,740,23,0.076160,3.259467
GPU3,740,24,0.077221,3.273870
GPU3,740,25,0.055661,3.249323
GPU3,740,26,0.053497,3.279264
GPU3,740,27,0.076204,3.250538
GPU3,740,28,0.078927,3.253423
GPU3,740,29,0.084936,3.273557
GPU3,740,30,0.083506,3.330387
GPU3,740,31,0.082954,3.236677
GPU3,740,32,0.085888,3.309857
GPU3,750,1,0.078127,3.314786
GPU3,750,2,0.076534,3.317392
GPU3,750,3,0.080364,3.352837
GPU3,750,4,0.076567,3.361566
GPU3,750,5,0.059118,3.367822
GPU3,750,6,0.076816,3.398136
GPU3,750,7,0.076461,3.363069
GPU3,750,8,0.075162,3.430635
GPU3,750,9,0.076753,3.260733
GPU3,750,10,0.073923,3.356169
GPU3,750,11,0.086116,3.371634
GPU3,750,12,0.084951,3.356515
GPU3,750,13,0.070649,3.398009
GPU3,750,14,0.057228,3.241871
GPU3,750,15,0.076373,3.377440
GPU3,750,16,0.072867,3.324105
GPU3,750,17,0.081912,3.414364
GPU3,750,18,0.082977,3.401707
GPU3,750,19,0.059487,3.737955
GPU3,750,20,0.081889,3.422184
GPU3,750,21,0.080687,3.362584
GPU3,750,22,0.075603,3.348390
GPU3,750,23,0.078878,3.344263
GPU3,750,24,0.077462,3.430848
GPU3,750,25,0.072998,3.301647
GPU3,750,26,0.043799,3.215173
GPU3,750,27,0.081945,3.325761
GPU3,750,28,0.065752,3.277325
GPU3,750,29,0.079396,3.361948
GPU3,750,30,0.079567,3.366864
GPU3,750,31,0.043911,3.311090
GPU3,750,32,0.081762,3.321523
GPU3,760,1,0.077619,3.401529
GPU3,760,2,0.076069,3.468145
GPU3,760,3,0.083793,3.540353
GPU3,760,4,0.049571,3.392262
GPU3,760,5,0.067152,3.376323
GPU3,760,6,0.082286,3.446824
GPU3,760,7,0.057218,3.401288
GPU3,760,8,0.077962,3.490359
GPU3,760,9,0.085650,3.447019
GPU3,760,10,0.080079,3.432622
GPU3,760,11,0.077606,3.431531
GPU3,760,12,0.084457,3.530602
GPU3,760,13,0.063317,3.382789
GPU3,760,14,0.081424,3.354692
GPU3,760,15,0.087674,3.478285
GPU3,760,16,0.078786,3.463876
GPU3,760,17,0.080894,3.464260
GPU3,760,18,0.086537,3.437959
GPU3,760,19,0.077821,3.489698
GPU3,760,20,0.076663,3.386879
GPU3,760,21,0.082780,3.414508
GPU3,760,22,0.076936,3.447178
GPU3,760,23,0.077460,3.445092
GPU3,760,24,0.074258,3.391000
GPU3,760,25,0.076878,3.538997
GPU3,760,26,0.077638,3.425623
GPU3,760,27,0.076395,3.335619
GPU3,760,28,0.086138,3.494727
GPU3,760,29,0.061295,3.470517
GPU3,760,30,0.077240,3.548379
GPU3,760,31,0.075064,3.502141
GPU3,760,32,0.057767,3.456928
GPU3,770,1,0.078139,3.615422
GPU3,770,2,0.074035,3.504075
GPU3,770,3,0.089452,3.499390
GPU3,770,4,0.076446,3.594723
GPU3,770,5,0.077025,3.536261
GPU3,770,6,0.081238,3.543514
GPU3,770,7,0.076705,3.574849
GPU3,770,8,0.076016,3.480294
GPU3,770,9,0.073016,3.491421
GPU3,770,10,0.084449,3.540430
GPU3,770,11,0.074612,3.495219
GPU3,770,12,0.077668,3.727535
GPU3,770,13,0.082889,3.516801
GPU3,770,14,0.089100,3.559833
GPU3,770,15,0.077247,3.635990
GPU3,770,16,0.084992,3.567079
GPU3,770,17,0.072091,3.575914
GPU3,770,18,0.067138,3.620832
GPU3,770,19,0.055934,3.606819
GPU3,770,20,0.084854,3.570878
GPU3,770,21,0.079701,3.531857
GPU3,770,22,0.079128,3.540834
GPU3,770,23,0.078517,3.583674
GPU3,770,24,0.082891,3.551299
GPU3,770,25,0.077547,3.503983
GPU3,770,26,0.086207,3.531321
GPU3,770,27,0.082696,3.542987
GPU3,770,28,0.063159,3.562124
GPU3,770,29,0.089968,3.580332
GPU3,770,30,0.076648,3.629357
GPU3,770,31,0.087770,3.648370
GPU3,770,32,0.078042,3.511335
GPU3,780,1,0.078293,3.607689
GPU3,780,2,0.053874,3.572407
GPU3,780,3,0.078928,3.637976
GPU3,780,4,0.084581,3.567985
GPU3,780,5,0.083491,3.668686
GPU3,780,6,0.080684,3.563102
GPU3,780,7,0.083483,3.680031
GPU3,780,8,0.080114,3.617889
GPU3,780,9,0.086739,3.666041
GPU3,780,10,0.080829,3.709683
GPU3,780,11,0.072860,3.656789
GPU3,780,12,0.092205,3.624869
GPU3,780,13,0.093040,3.682685
GPU3,780,14,0.076653,3.580612
GPU3,780,15,0.080755,3.624510
GPU3,780,16,0.078615,3.650414
GPU3,780,17,0.086400,3.666632
GPU3,780,18,0.086426,3.684324
GPU3,780,19,0.077299,3.638417
GPU3,780,20,0.079295,3.580807
GPU3,780,21,0.086611,3.674578
GPU3,780,22,0.086046,3.621911
GPU3,780,23,0.075235,3.599537
GPU3,780,24,0.103759,3.637739
GPU3,780,25,0.087539,3.678893
GPU3,780,26,0.083050,3.524717
GPU3,780,27,0.085105,3.599048
GPU3,780,28,0.057497,3.716930
GPU3,780,29,0.083033,3.702989
GPU3,780,30,0.078817,3.657693
GPU3,780,31,0.069147,3.577945
GPU3,780,32,0.057749,3.614513
GPU3,790,1,0.075558,3.754893
GPU3,790,2,0.081941,3.775757
GPU3,790,3,0.080137,3.762329
GPU3,790,4,0.084462,3.734406
GPU3,790,5,0.079474,3.658107
GPU3,790,6,0.078303,3.940348
GPU3,790,7,0.080491,3.644209
GPU3,790,8,0.075312,3.657377
GPU3,790,9,0.086904,3.803650
GPU3,790,10,0.080552,3.752713
GPU3,790,11,0.080492,3.873659
GPU3,790,12,0.068698,3.924124
GPU3,790,13,0.066464,3.822917
GPU3,790,14,0.080091,3.647801
GPU3,790,15,0.076374,3.691532
GPU3,790,16,0.082265,3.818435
GPU3,790,17,0.077801,3.748050
GPU3,790,18,0.087960,3.829463
GPU3,790,19,0.084618,3.879152
GPU3,790,20,0.096691,3.756201
GPU3,790,21,0.079005,3.704061
GPU3,790,22,0.058931,3.692170
GPU3,790,23,0.080497,3.704457
GPU3,790,24,0.074835,3.669785
GPU3,790,25,0.089193,3.766781
GPU3,790,26,0.078895,3.775132
GPU3,790,27,0.082373,3.717689
GPU3,790,28,0.078997,3.700259
GPU3,790,29,0.072670,3.615586
GPU3,790,30,0.080247,3.757073
GPU3,790,31,0.089487,3.806174
GPU3,790,32,0.089067,3.722025
GPU3,800,1,0.081457,3.898195
GPU3,800,2,0.082919,3.681818
GPU3,800,3,0.085726,3.834620
GPU3,800,4,0.081796,3.880763
GPU3,800,5,0.083733,3.781674
GPU3,800,6,0.067910,3.828364
GPU3,800,7,0.088301,3.886844
GPU3,800,8,0.080955,3.846902
GPU3,800,9,0.067629,3.885362
GPU3,800,10,0.088163,3.868284
GPU3,800,11,0.088188,3.797904
GPU3,800,12,0.083515,3.913251
GPU3,800,13,0.046089,3.703967
GPU3,800,14,0.087865,3.776761
GPU3,800,15,0.078511,3.800170
GPU3,800,16,0.081603,3.848966
GPU3,800,17,0.080419,3.875691
GPU3,800,18,0.062141,3.840670
GPU3,800,19,0.082840,3.831551
GPU3,800,20,0.071315,3.866117
GPU3,800,21,0.092375,3.708941
GPU3,800,22,0.084226,3.770241
GPU3,800,23,0.088858,3.857451
GPU3,800,24,0.081901,3.905073
GPU3,800,25,0.081416,3.802102
GPU3,800,26,0.084015,3.826300
GPU3,800,27,0.085582,3.815859
GPU3,800,28,0.088463,3.830545
GPU3,800,29,0.088769,3.901595
GPU3,800,30,0.052717,3.685268
GPU3,800,31,0.088930,3.819690
GPU3,800,32,0.080138,3.819345
GPU3,810,1,0.080211,3.897135
GPU3,810,2,0.088484,3.932083
GPU3,810,3,0.088835,3.797016
GPU3,810,4,0.092342,3.931240
GPU3,810,5,0.082368,3.804523
GPU3,810,6,0.060304,3.877332
GPU3,810,7,0.116244,3.901399
GPU3,810,8,0.084696,3.933243
GPU3,810,9,0.084664,3.909536
GPU3,810,10,0.080313,3.880550
GPU3,810,11,0.064444,3.821278
GPU3,810,12,0.088918,3.923449
GPU3,810,13,0.090855,3.962047
GPU3,810,14,0.081762,3.902820
GPU3,810,15,0.079821,3.943552
GPU3,810,16,0.089150,3.899329
GPU3,810,17,0.084873,3.907300
GPU3,810,18,0.087718,3.985626
GPU3,810,19,0.090040,3.939695
GPU3,810,20,0.085848,3.923851
GPU3,810,21,0.086053,4.005811
GPU3,810,22,0.089951,3.926632
GPU3,810,23,0.084435,3.928883
GPU3,810,24,0.067538,3.916363
GPU3,810,25,0.089797,3.954233
GPU3,810,26,0.076044,3.897202
GPU3,810,27,0.086731,3.887925
GPU3,810,28,0.081330,3.775570
GPU3,810,29,0.085642,3.970136
GPU3,810,30,0.089219,3.913137
GPU3,810,31,0.071310,3.893006
GPU3,810,32,0.099517,3.884918
GPU3,820,1,0.082363,3.962904
GPU3,820,2,0.086950,4.022781
GPU3,820,3,0.082121,3.985631
GPU3,820,4,0.094396,4.213946
GPU3,820,5,0.085153,4.133286
GPU3,820,6,0.083087,4.067998
GPU3,820,7,0.083899,3.982489
GPU3,820,8,0.093638,3.983400
GPU3,820,9,0.082838,4.060168
GPU3,820,10,0.084679,3.955996
GPU3,820,11,0.091703,4.065537
GPU3,820,12,0.081534,4.040825
GPU3,820,13,0.090950,4.073123
GPU3,820,14,0.090562,3.993409
GPU3,820,15,0.084806,4.027237
GPU3,820,16,0.088632,4.033513
GPU3,820,17,0.091755,3.875021
GPU3,820,18,0.086893,4.013098
GPU3,820,19,0.072311,3.886582
GPU3,820,20,0.090701,4.115318
GPU3,820,21,0.076893,4.036846
GPU3,820,22,0.087979,3.940845
GPU3,820,23,0.093782,3.972926
GPU3,820,24,0.087791,3.993263
GPU3,820,25,0.080623,4.079432
GPU3,820,26,0.082454,3.891624
GPU3,820,27,0.063022,3.986604
GPU3,820,28,0.090499,3.974111
GPU3,820,29,0.090674,4.070697
GPU3,820,30,0.084807,4.063426
GPU3,820,31,0.087924,3.893338
GPU3,820,32,0.092133,4.017640
GPU3,830,1,0.066654,4.031887
GPU3,830,2,0.063610,4.146879
GPU3,830,3,0.085575,4.044745
GPU3,830,4,0.062335,4.143965
GPU3,830,5,0.086970,4.202319
GPU3,830,6,0.082543,4.079572
GPU3,830,7,0.099971,4.218136
GPU3,830,8,0.099822,4.117543
GPU3,830,9,0.081054,4.161810
GPU3,830,10,0.081934,4.093413
GPU3,830,11,0.083890,4.057307
GPU3,830,12,0.070654,4.126224
GPU3,830,13,0.093069,4.043964
GPU3,830,14,0.086416,4.159964
GPU3,830,15,0.086196,4.066835
GPU3,830,16,0.051725,4.036556
GPU3,830,17,0.086031,4.163180
GPU3,830,18,0.066786,4.144108
GPU3,830,19,0.083005,4.143079
GPU3,830,20,0.080991,4.124978
GPU3,830,21,0.068426,4.249026
GPU3,830,22,0.090410,4.035334
GPU3,830,23,0.082948,4.212029
GPU3,830,24,0.073835,4.088689
GPU3,830,25,0.090534,4.091476
GPU3,830,26,0.082546,4.146455
GPU3,830,27,0.065737,4.058057
GPU3,830,28,0.080649,4.100434
GPU3,830,29,0.092669,3.975953
GPU3,830,30,0.091500,3.986353
GPU3,830,31,0.079598,4.089920
GPU3,830,32,0.072748,4.132836
GPU3,840,1,0.089790,4.153465
GPU3,840,2,0.096557,4.277231
GPU3,840,3,0.069521,4.152385
GPU3,840,4,0.091306,4.202001
GPU3,840,5,0.072287,4.168339
GPU3,840,6,0.076415,4.092868
GPU3,840,7,0.087761,4.177110
GPU3,840,8,0.096791,4.163230
GPU3,840,9,0.087552,4.095595
GPU3,840,10,0.089132,4.227097
GPU3,840,11,0.084637,4.218914
GPU3,840,12,0.061044,4.212027
GPU3,840,13,0.089315,4.220704
GPU3,840,14,0.084157,4.122323
GPU3,840,15,0.075835,4.274038
GPU3,840,16,0.081430,4.115954
GPU3,840,17,0.090805,4.257081
GPU3,840,18,0.083917,4.220984
GPU3,840,19,0.093032,4.175938
GPU3,840,20,0.088603,4.164608
GPU3,840,21,0.067964,4.293693
GPU3,840,22,0.089689,4.257416
GPU3,840,23,0.082405,4.100688
GPU3,840,24,0.085651,4.258936
GPU3,840,25,0.094408,4.269252
GPU3,840,26,0.084005,4.139689
GPU3,840,27,0.082315,4.150384
GPU3,840,28,0.092635,4.108646
GPU3,840,29,0.095153,4.193790
GPU3,840,30,0.087083,4.180204
GPU3,840,31,0.077392,4.226018
GPU3,840,32,0.074364,4.169922
GPU3,850,1,0.066348,4.278674
GPU3,850,2,0.081386,4.190169
GPU3,850,3,0.086200,4.223794
GPU3,850,4,0.085913,4.283985
GPU3,850,5,0.080041,4.256074
GPU3,850,6,0.083347,4.339012
GPU3,850,7,0.075006,4.213098
GPU3,850,8,0.066021,4.321090
GPU3,850,9,0.097040,4.309811
GPU3,850,10,0.058757,4.262208
GPU3,850,11,0.074161,4.205709
GPU3,850,12,0.082882,4.234135
GPU3,850,13,0.091029,4.312888
GPU3,850,14,0.074123,4.273073
GPU3,850,15,0.086613,4.169333
GPU3,850,16,0.097815,4.291095
GPU3,850,17,0.085646,4.154997
GPU3,850,18,0.085161,4.281006
GPU3,850,19,0.075978,4.243696
GPU3,850,20,0.085249,4.284657
GPU3,850,21,0.094181,4.298657
GPU3,850,22,0.049316,4.305701
GPU3,850,23,0.091829,4.311863
GPU3,850,24,0.060556,4.139163
GPU3,850,25,0.085413,4.309971
GPU3,850,26,0.075081,4.343550
GPU3,850,27,0.087084,4.150530
GPU3,850,28,0.085488,4.344807
GPU3,850,29,0.082517,4.274794
GPU3,850,30,0.073479,4.234625
GPU3,850,31,0.083803,4.267987
GPU3,850,32,0.088875,4.276419
GPU3,860,1,0.082179,4.425562
GPU3,860,2,0.085493,4.349300
GPU3,860,3,0.082601,4.359319
GPU3,860,4,0.089036,4.376031
GPU3,860,5,0.094374,4.364230
GPU3,860,6,0.075638,4.316645
GPU3,860,7,0.094570,4.361105
GPU3,860,8,0.089259,4.254323
GPU3,860,9,0.099333,4.377954
GPU3,860,10,0.093866,4.410835
GPU3,860,11,0.072442,4.533969
GPU3,860,12,0.077153,4.445021
GPU3,860,13,0.087248,4.332898
GPU3,860,14,0.083469,4.360560
GPU3,860,15,0.074926,4.357924
GPU3,860,16,0.086135,4.356657
GPU3,860,17,0.065592,4.262431
GPU3,860,18,0.087485,4.342666
GPU3,860,19,0.085052,4.456583
GPU3,860,20,0.064392,4.357689
GPU3,860,21,0.066768,4.233430
GPU3,860,22,0.068898,4.416879
GPU3,860,23,0.068243,4.360404
GPU3,860,24,0.096187,4.550450
GPU3,860,25,0.067100,4.307971
GPU3,860,26,0.089040,4.447286
GPU3,860,27,0.083523,4.374544
GPU3,860,28,0.087795,4.432472
GPU3,860,29,0.095058,4.316334
GPU3,860,30,0.072896,4.382345
GPU3,860,31,0.085528,4.327813
GPU3,860,32,0.090337,4.353996
GPU3,870,1,0.098704,4.462854
GPU3,870,2,0.068477,4.555659
GPU3,870,3,0.085705,4.491013
GPU3,870,4,0.086119,4.439782
GPU3,870,5,0.076535,4.551446
GPU3,870,6,0.086769,4.549106
GPU3,870,7,0.087325,4.369937
GPU3,870,8,0.050842,4.410706
GPU3,870,9,0.099464,4.409776
GPU3,870,10,0.108600,4.563172
GPU3,870,11,0.074291,4.461090
GPU3,870,12,0.078816,4.523083
GPU3,870,13,0.070761,4.493883
GPU3,870,14,0.085492,4.422495
GPU3,870,15,0.088431,4.620750
GPU3,870,16,0.089148,4.448116
GPU3,870,17,0.087388,4.433454
GPU3,870,18,0.084941,4.461771
GPU3,870,19,0.090431,4.365369
GPU3,870,20,0.090947,4.535274
GPU3,870,21,0.095731,4.508919
GPU3,870,22,0.095791,4.443283
GPU3,870,23,0.087064,4.354107
GPU3,870,24,0.082980,4.616540
GPU3,870,25,0.094928,4.620288
GPU3,870,26,0.086899,4.488666
GPU3,870,27,0.090489,4.427910
GPU3,870,28,0.074913,4.457038
GPU3,870,29,0.093236,4.530843
GPU3,870,30,0.081140,4.463637
GPU3,870,31,0.095051,4.410284
GPU3,870,32,0.102411,4.559882
GPU3,880,1,0.091987,4.523995
GPU3,880,2,0.089315,4.480505
GPU3,880,3,0.087585,4.553384
GPU3,880,4,0.096613,4.479119
GPU3,880,5,0.093067,4.594027
GPU3,880,6,0.101538,4.533084
GPU3,880,7,0.088529,4.679916
GPU3,880,8,0.088093,4.636509
GPU3,880,9,0.096471,4.768874
GPU3,880,10,0.086062,4.608341
GPU3,880,11,0.059013,4.605888
GPU3,880,12,0.086811,4.472426
GPU3,880,13,0.070795,4.505318
GPU3,880,14,0.068949,4.506738
GPU3,880,15,0.099151,4.607171
GPU3,880,16,0.088284,4.607148
GPU3,880,17,0.084109,4.580421
GPU3,880,18,0.088397,4.598482
GPU3,880,19,0.087275,4.963031
GPU3,880,20,0.084190,4.567881
GPU3,880,21,0.097883,4.706083
GPU3,880,22,0.071833,4.494673
GPU3,880,23,0.100799,4.605970
GPU3,880,24,0.086179,4.539541
GPU3,880,25,0.096599,4.451588
GPU3,880,26,0.083309,4.661828
GPU3,880,27,0.072871,4.527324
GPU3,880,28,0.088933,4.698323
GPU3,880,29,0.069912,4.593457
GPU3,880,30,0.096959,4.718280
GPU3,880,31,0.092918,4.698143
GPU3,880,32,0.089794,4.528896
GPU3,890,1,0.101571,4.784458
GPU3,890,2,0.059769,4.627966
GPU3,890,3,0.094255,4.787313
GPU3,890,4,0.099658,4.739663
GPU3,890,5,0.052555,4.500817
GPU3,890,6,0.102013,4.583760
GPU3,890,7,0.090603,4.765623
GPU3,890,8,0.053500,4.573552
GPU3,890,9,0.095981,4.686853
GPU3,890,10,0.075931,4.782086
GPU3,890,11,0.090860,4.743316
GPU3,890,12,0.097460,4.698909
GPU3,890,13,0.098188,4.678942
GPU3,890,14,0.087281,4.584604
GPU3,890,15,0.090816,4.756191
GPU3,890,16,0.052279,4.628550
GPU3,890,17,0.089511,4.701288
GPU3,890,18,0.086163,4.671536
GPU3,890,19,0.087330,4.738876
GPU3,890,20,0.098344,4.764992
GPU3,890,21,0.088586,4.717537
GPU3,890,22,0.091098,4.612446
GPU3,890,23,0.101052,4.699328
GPU3,890,24,0.088592,4.741606
GPU3,890,25,0.094525,4.729503
GPU3,890,26,0.086479,4.705767
GPU3,890,27,0.088979,4.645596
GPU3,890,28,0.088976,4.663423
GPU3,890,29,0.097624,4.631472
GPU3,890,30,0.093785,4.672341
GPU3,890,31,0.094501,4.713830
GPU3,890,32,0.061567,4.603328
GPU3,900,1,0.090275,4.838493
GPU3,900,2,0.094122,4.812066
GPU3,900,3,0.090676,4.768611
GPU3,900,4,0.053513,4.645893
GPU3,900,5,0.095114,4.758620
GPU3,900,6,0.087456,4.787836
GPU3,900,7,0.099359,4.922578
GPU3,900,8,0.093129,4.856126
GPU3,900,9,0.102185,4.829905
GPU3,900,10,0.089121,4.834198
GPU3,900,11,0.087934,4.925869
GPU3,900,12,0.102090,4.790437
GPU3,900,13,0.092270,5.023656
GPU3,900,14,0.107334,4.731872
GPU3,900,15,0.092779,4.930808
GPU3,900,16,0.081269,4.791304
GPU3,900,17,0.105276,4.842852
GPU3,900,18,0.094091,4.775653
GPU3,900,19,0.102005,4.781968
GPU3,900,20,0.061597,4.674885
GPU3,900,21,0.103201,4.805448
GPU3,900,22,0.091654,4.826057
GPU3,900,23,0.086119,4.987488
GPU3,900,24,0.089612,4.947758
GPU3,900,25,0.071942,4.755292
GPU3,900,26,0.072569,4.741311
GPU3,900,27,0.098565,4.806763
GPU3,900,28,0.095436,5.259097
GPU3,900,29,0.095040,4.832058
GPU3,900,30,0.098792,4.825308
GPU3,900,31,0.094074,4.839327
GPU3,900,32,0.092342,4.624885
GPU3,910,1,0.093789,4.922479
GPU3,910,2,0.101795,4.803358
GPU3,910,3,0.107087,5.063020
GPU3,910,4,0.094141,4.912575
GPU3,910,5,0.091639,4.914844
GPU3,910,6,0.090972,4.887675
GPU3,910,7,0.101919,4.899401
GPU3,910,8,0.088877,4.870468
GPU3,910,9,0.094119,4.944538
GPU3,910,10,0.088157,4.864835
GPU3,910,11,0.080056,4.912949
GPU3,910,12,0.091832,4.777965
GPU3,910,13,0.099300,4.924168
GPU3,910,14,0.090236,4.840444
GPU3,910,15,0.088888,4.779981
GPU3,910,16,0.097727,4.828091
GPU3,910,17,0.095159,5.005501
GPU3,910,18,0.098066,4.842160
GPU3,910,19,0.091504,4.886562
GPU3,910,20,0.099496,4.900436
GPU3,910,21,0.091036,4.802439
GPU3,910,22,0.093196,4.965866
GPU3,910,23,0.091696,4.755566
GPU3,910,24,0.091697,4.910583
GPU3,910,25,0.094140,4.958793
GPU3,910,26,0.092837,5.003578
GPU3,910,27,0.095177,4.882912
GPU3,910,28,0.083499,4.882028
GPU3,910,29,0.099968,4.898603
GPU3,910,30,0.088012,5.040173
GPU3,910,31,0.090958,4.959310
GPU3,910,32,0.088412,4.854369
GPU3,920,1,0.094840,4.959071
GPU3,920,2,0.092287,5.023152
GPU3,920,3,0.104399,5.126097
GPU3,920,4,0.076145,4.826642
GPU3,920,5,0.100522,4.985918
GPU3,920,6,0.091153,5.087591
GPU3,920,7,0.073072,5.019665
GPU3,920,8,0.060562,4.985532
GPU3,920,9,0.089936,4.962482
GPU3,920,10,0.091919,4.999536
GPU3,920,11,0.083937,4.972819
GPU3,920,12,0.093660,5.050213
GPU3,920,13,0.092437,4.994036
GPU3,920,14,0.073344,4.979974
GPU3,920,15,0.096526,5.130771
GPU3,920,16,0.094113,5.102729
GPU3,920,17,0.098084,4.995634
GPU3,920,18,0.094229,5.204301
GPU3,920,19,0.075181,4.985478
GPU3,920,20,0.105316,4.896785
GPU3,920,21,0.095390,4.986788
GPU3,920,22,0.090417,4.979498
GPU3,920,23,0.092167,4.979856
GPU3,920,24,0.094257,5.004366
GPU3,920,25,0.101054,4.834583
GPU3,920,26,0.092031,4.965003
GPU3,920,27,0.100432,4.952242
GPU3,920,28,0.094186,4.947670
GPU3,920,29,0.102420,5.039868
GPU3,920,30,0.085413,4.989876
GPU3,920,31,0.089401,5.131320
GPU3,920,32,0.097365,5.043481
GPU3,930,1,0.090349,5.037028
GPU3,930,2,0.104917,5.131124
GPU3,930,3,0.075540,5.107760
GPU3,930,4,0.103277,5.150778
GPU3,930,5,0.078920,5.174105
GPU3,930,6,0.098766,5.036457
GPU3,930,7,0.089856,5.449175
GPU3,930,8,0.085854,5.255931
GPU3,930,9,0.085741,5.029741
GPU3,930,10,0.106687,5.034206
GPU3,930,11,0.101441,4.977619
GPU3,930,12,0.095118,5.116342
GPU3,930,13,0.106007,5.113274
GPU3,930,14,0.092880,5.158486
GPU3,930,15,0.073334,5.136183
GPU3,930,16,0.100151,5.084246
GPU3,930,17,0.095446,5.169326
GPU3,930,18,0.096054,5.182669
GPU3,930,19,0.102170,4.952045
GPU3,930,20,0.088781,5.215120
GPU3,930,21,0.068507,5.142760
GPU3,930,22,0.055730,5.098549
GPU3,930,23,0.105905,5.013673
GPU3,930,24,0.090362,5.040567
GPU3,930,25,0.092857,5.099978
GPU3,930,26,0.095954,5.196099
GPU3,930,27,0.078260,5.064961
GPU3,930,28,0.110346,5.211880
GPU3,930,29,0.080263,5.103088
GPU3,930,30,0.093538,5.050976
GPU3,930,31,0.089272,5.217052
GPU3,930,32,0.089904,5.218453
GPU3,940,1,0.099550,5.272377
GPU3,940,2,0.099541,5.222682
GPU3,940,3,0.095358,5.227027
GPU3,940,4,0.085984,5.192780
GPU3,940,5,0.096046,5.172172
GPU3,940,6,0.107016,5.208421
GPU3,940,7,0.095561,5.216788
GPU3,940,8,0.107514,5.148643
GPU3,940,9,0.093090,5.287474
GPU3,940,10,0.094244,5.294267
GPU3,940,11,0.076317,5.194835
GPU3,940,12,0.099589,5.138894
GPU3,940,13,0.105303,5.415207
GPU3,940,14,0.094619,5.302224
GPU3,940,15,0.093944,5.355234
GPU3,940,16,0.056189,5.168007
GPU3,940,17,0.091824,5.185863
GPU3,940,18,0.084742,5.025940
GPU3,940,19,0.080187,5.280014
GPU3,940,20,0.110939,5.241171
GPU3,940,21,0.096399,5.252702
GPU3,940,22,0.099749,5.188249
GPU3,940,23,0.097009,5.183054
GPU3,940,24,0.107943,5.263591
GPU3,940,25,0.092669,5.126336
GPU3,940,26,0.073209,5.255399
GPU3,940,27,0.111305,5.214297
GPU3,940,28,0.090396,5.087223
GPU3,940,29,0.077911,5.151147
GPU3,940,30,0.111122,5.382206
GPU3,940,31,0.106747,5.238548
GPU3,940,32,0.090904,5.332870
GPU3,950,1,0.113700,5.337113
GPU3,950,2,0.098943,5.778545
GPU3,950,3,0.098924,5.421406
GPU3,950,4,0.090217,5.371922
GPU3,950,5,0.098675,5.210471
GPU3,950,6,0.102195,5.394695
GPU3,950,7,0.105446,5.460665
GPU3,950,8,0.094600,5.176565
GPU3,950,9,0.103494,5.339236
GPU3,950,10,0.095513,5.349139
GPU3,950,11,0.083867,5.151441
GPU3,950,12,0.095270,5.249311
GPU3,950,13,0.093726,5.292077
GPU3,950,14,0.095246,5.374121
GPU3,950,15,0.108116,5.332336
GPU3,950,16,0.105488,5.340157
GPU3,950,17,0.093231,5.329506
GPU3,950,18,0.092914,5.286269
GPU3,950,19,0.098682,5.368165
GPU3,950,20,0.091522,5.243029
GPU3,950,21,0.078272,5.358749
GPU3,950,22,0.103330,5.593387
GPU3,950,23,0.089280,5.299178
GPU3,950,24,0.095347,5.334575
GPU3,950,25,0.098486,5.438050
GPU3,950,26,0.103638,5.299954
GPU3,950,27,0.078401,5.394674
GPU3,950,28,0.094706,5.370372
GPU3,950,29,0.101892,5.641111
GPU3,950,30,0.097927,5.414665
GPU3,950,31,0.114336,5.355582
GPU3,950,32,0.094424,5.346627
GPU3,960,1,0.114130,5.465504
GPU3,960,2,0.101128,5.413917
GPU3,960,3,0.076981,5.347619
GPU3,960,4,0.082542,5.448148
GPU3,960,5,0.106596,5.479124
GPU3,960,6,0.095385,5.417701
GPU3,960,7,0.101295,5.397857
GPU3,960,8,0.092506,5.527152
GPU3,960,9,0.057307,5.440697
GPU3,960,10,0.101598,5.379828
GPU3,960,11,0.100874,5.428214
GPU3,960,12,0.109936,5.434691
GPU3,960,13,0.085016,5.447995
GPU3,960,14,0.105908,5.448561
GPU3,960,15,0.079582,5.479758
GPU3,960,16,0.085369,5.512442
GPU3,960,17,0.100799,5.491796
GPU3,960,18,0.092227,5.477690
GPU3,960,19,0.099530,5.404154
GPU3,960,20,0.103150,5.404485
GPU3,960,21,0.105487,5.418143
GPU3,960,22,0.096527,5.430087
GPU3,960,23,0.104873,5.518888
GPU3,960,24,0.106758,5.363497
GPU3,960,25,0.077327,5.456450
GPU3,960,26,0.066913,5.311896
GPU3,960,27,0.106971,5.382333
GPU3,960,28,0.109605,5.511592
GPU3,960,29,0.094693,5.337197
GPU3,960,30,0.100646,5.366167
GPU3,960,31,0.103229,5.400062
GPU3,960,32,0.098381,5.550230
GPU3,970,1,0.077941,5.705164
GPU3,970,2,0.104366,5.531934
GPU3,970,3,0.088464,5.557631
GPU3,970,4,0.107524,5.592641
GPU3,970,5,0.098381,5.662619
GPU3,970,6,0.096839,5.531601
GPU3,970,7,0.068013,5.452546
GPU3,970,8,0.104363,5.512213
GPU3,970,9,0.109259,5.621037
GPU3,970,10,0.109814,5.528569
GPU3,970,11,0.094261,5.371946
GPU3,970,12,0.096497,5.440647
GPU3,970,13,0.103305,5.571324
GPU3,970,14,0.106784,5.457206
GPU3,970,15,0.094310,5.643925
GPU3,970,16,0.098770,5.484785
GPU3,970,17,0.066733,5.439574
GPU3,970,18,0.062815,5.277316
GPU3,970,19,0.080147,5.530858
GPU3,970,20,0.100983,5.506407
GPU3,970,21,0.096821,5.587793
GPU3,970,22,0.100929,5.518173
GPU3,970,23,0.108676,5.540559
GPU3,970,24,0.100851,5.511684
GPU3,970,25,0.097959,5.637170
GPU3,970,26,0.097661,5.530721
GPU3,970,27,0.074090,5.496916
GPU3,970,28,0.109751,5.484555
GPU3,970,29,0.090361,5.583385
GPU3,970,30,0.104738,5.556535
GPU3,970,31,0.109141,5.659705
GPU3,970,32,0.108468,5.486798
GPU3,980,1,0.086680,5.662984
GPU3,980,2,0.097465,5.751864
GPU3,980,3,0.095316,5.690973
GPU3,980,4,0.100387,5.743986
GPU3,980,5,0.109979,5.665510
GPU3,980,6,0.082833,5.591318
GPU3,980,7,0.100806,5.724013
GPU3,980,8,0.080851,5.693584
GPU3,980,9,0.106810,5.828719
GPU3,980,10,0.099128,5.587910
GPU3,980,11,0.098874,5.553552
GPU3,980,12,0.094971,5.737432
GPU3,980,13,0.109810,5.895830
GPU3,980,14,0.099424,5.605522
GPU3,980,15,0.095314,5.734435
GPU3,980,16,0.103997,5.843043
GPU3,980,17,0.070862,5.538381
GPU3,980,18,0.096176,5.743844
GPU3,980,19,0.074890,5.545125
GPU3,980,20,0.105677,5.620266
GPU3,980,21,0.066179,5.666766
GPU3,980,22,0.062579,5.652389
GPU3,980,23,0.102513,5.750307
GPU3,980,24,0.107298,5.637360
GPU3,980,25,0.104571,5.772352
GPU3,980,26,0.112986,5.757343
GPU3,980,27,0.095357,5.957947
GPU3,980,28,0.087729,5.485858
GPU3,980,29,0.107463,5.665088
GPU3,980,30,0.078794,5.558777
GPU3,980,31,0.100132,6.102814
GPU3,980,32,0.110330,5.569741
GPU3,990,1,0.104950,5.766881
GPU3,990,2,0.096371,5.586894
GPU3,990,3,0.104392,5.952705
GPU3,990,4,0.086679,5.860665
GPU3,990,5,0.099696,5.851838
GPU3,990,6,0.108127,5.798826
GPU3,990,7,0.096488,5.794789
GPU3,990,8,0.111265,5.713009
GPU3,990,9,0.059265,5.690626
GPU3,990,10,0.103140,5.862335
GPU3,990,11,0.090009,5.844935
GPU3,990,12,0.122844,5.742288
GPU3,990,13,0.102763,5.560607
GPU3,990,14,0.087222,5.822727
GPU3,990,15,0.095963,5.720904
GPU3,990,16,0.094378,5.907214
GPU3,990,17,0.098784,5.959478
GPU3,990,18,0.110658,6.185248
GPU3,990,19,0.096070,5.749977
GPU3,990,20,0.102044,5.655212
GPU3,990,21,0.081573,5.686898
GPU3,990,22,0.099486,5.759958
GPU3,990,23,0.094592,5.843276
GPU3,990,24,0.094837,5.937016
GPU3,990,25,0.095648,6.040880
GPU3,990,26,0.106618,5.701120
GPU3,990,27,0.096437,5.741326
GPU3,990,28,0.100850,5.870143
GPU3,990,29,0.063336,5.538805
GPU3,990,30,0.098495,5.777425
GPU3,990,31,0.100806,5.725634
GPU3,990,32,0.099681,5.801177
GPU3,1000,1,0.106282,5.916013
GPU3,1000,2,0.085944,5.943533
GPU3,1000,3,0.095759,5.913019
GPU3,1000,4,0.138113,5.771092
GPU3,1000,5,0.108898,5.711743
GPU3,1000,6,0.101370,6.069101
GPU3,1000,7,0.103171,5.890710
GPU3,1000,8,0.077160,5.874369
GPU3,1000,9,0.110634,5.905326
GPU3,1000,10,0.108486,6.002763
GPU3,1000,11,0.070147,5.821409
GPU3,1000,12,0.095047,5.730335
GPU3,1000,13,0.098694,5.785860
GPU3,1000,14,0.107400,5.878258
GPU3,1000,15,0.100955,5.869105
GPU3,1000,16,0.109639,5.901088
GPU3,1000,17,0.101542,5.854671
GPU3,1000,18,0.100187,6.104966
GPU3,1000,19,0.106981,5.760533
GPU3,1000,20,0.063081,5.714153
GPU3,1000,21,0.098331,5.756405
GPU3,1000,22,0.099973,5.951799
GPU3,1000,23,0.108712,5.876858
GPU3,1000,24,0.110141,6.035672
GPU3,1000,25,0.100416,6.042523
GPU3,1000,26,0.086375,5.864056
GPU3,1000,27,0.094174,5.932397
GPU3,1000,28,0.099777,6.097642
GPU3,1000,29,0.101084,5.846642
GPU3,1000,30,0.108882,5.999870
GPU3,1000,31,0.096432,6.041928
GPU3,1000,32,0.087578,5.884518
